,index,team,player,location
0,0,England,,
1,3,England,,
2,5,England,,
3,15,England,Philip Foden,"[39.8, 7.5]"
4,16,England,Declan Rice,"[15.9, 20.5]"
5,17,England,Jordan Pickford,"[2.7, 32.8]"
6,26,England,Declan Rice,"[64.1, 10.6]"
7,27,England,Luke Shaw,"[67.0, 0.1]"
8,28,England,Harry Maguire,"[41.2, 20.7]"
9,29,England,John Stones,"[27.7, 45.1]"
10,30,England,Jordan Pickford,"[14.7, 30.6]"
11,31,England,John Stones,"[22.2, 54.9]"
12,32,England,Kyle Walker,"[37.8, 73.0]"
13,33,England,Harry Maguire,"[34.2, 9.2]"
14,34,England,Luke Shaw,"[44.8, 3.1]"
15,35,England,Philip Foden,"[51.3, 2.7]"
16,36,England,Harry Maguire,"[24.1, 19.8]"
17,37,England,Jude Bellingham,"[38.1, 5.8]"
18,38,England,Harry Maguire,"[32.1, 17.6]"
19,39,England,Jude Bellingham,"[38.8, 3.4]"
20,40,England,Luke Shaw,"[57.3, 2.2]"
21,48,England,Jordan Brian Henderson,"[89.4, 2.7]"
22,49,England,Luke Shaw,"[92.0, 0.1]"
23,50,England,Harry Kane,"[95.6, 15.4]"
24,51,England,Jordan Brian Henderson,"[103.6, 24.8]"
25,55,England,Jordan Pickford,"[13.0, 44.8]"
26,56,England,John Stones,"[21.5, 50.8]"
27,57,England,Harry Maguire,"[39.3, 11.3]"
28,58,England,Luke Shaw,"[53.7, 2.4]"
29,59,England,Philip Foden,"[68.9, 2.4]"
30,61,England,Jordan Pickford,"[4.8, 35.7]"
31,62,England,John Stones,"[23.6, 51.8]"
32,63,England,Kyle Walker,"[32.8, 74.7]"
33,64,England,Bukayo Saka,"[46.0, 59.5]"
34,65,England,Harry Maguire,"[61.2, 3.9]"
35,66,England,Philip Foden,"[74.9, 6.5]"
36,67,England,Luke Shaw,"[73.0, 1.7]"
37,68,England,Jordan Pickford,"[24.6, 14.5]"
38,69,England,John Stones,"[31.8, 36.9]"
39,70,England,Kyle Walker,"[34.9, 71.1]"
40,71,England,Bukayo Saka,"[46.3, 72.8]"
41,72,England,Jordan Brian Henderson,"[43.9, 59.7]"
42,73,England,Bukayo Saka,"[38.1, 69.9]"
43,74,England,John Stones,"[19.8, 52.8]"
44,75,England,Harry Maguire,"[39.0, 4.8]"
45,76,England,Harry Maguire,"[42.6, 14.9]"
46,77,England,Luke Shaw,"[50.1, 4.3]"
47,78,England,Declan Rice,"[53.7, 10.4]"
48,79,England,Harry Maguire,"[23.9, 14.2]"
49,80,England,Jordan Pickford,"[14.9, 40.5]"
50,81,England,John Stones,"[25.1, 51.8]"
51,82,England,Declan Rice,"[34.2, 48.9]"
52,83,England,Kyle Walker,"[23.6, 73.7]"
53,84,England,John Stones,"[4.3, 70.1]"
54,85,England,Jordan Brian Henderson,"[38.1, 67.7]"
55,86,England,Harry Kane,"[57.3, 73.7]"
56,89,England,Jordan Brian Henderson,"[83.6, 24.8]"
57,90,England,Kyle Walker,"[81.2, 50.6]"
58,91,England,Declan Rice,"[116.1, 20.7]"
59,92,England,Kyle Walker,"[82.4, 34.7]"
60,93,England,Philip Foden,"[97.1, 27.9]"
61,99,England,Jordan Pickford,"[12.1, 32.5]"
62,100,England,John Stones,"[31.6, 29.4]"
63,101,England,Harry Maguire,"[36.9, 6.5]"
64,102,England,Jude Bellingham,"[57.8, 8.2]"
65,103,England,Luke Shaw,"[55.9, 1.7]"
66,104,England,Harry Kane,"[76.2, 12.8]"
67,105,England,Jude Bellingham,"[111.3, 9.2]"
68,106,England,Bukayo Saka,"[103.4, 74.0]"
69,107,England,Kyle Walker,"[86.3, 73.0]"
70,108,England,Declan Rice,"[56.1, 52.5]"
71,109,England,John Stones,"[45.8, 43.6]"
72,110,England,Harry Maguire,"[31.8, 24.3]"
73,111,England,Luke Shaw,"[39.0, 4.8]"
74,112,England,Harry Maguire,"[34.0, 13.5]"
75,115,England,Jude Bellingham,"[52.0, 7.2]"
76,116,England,Luke Shaw,"[53.2, 3.1]"
77,117,England,Harry Maguire,"[52.3, 6.5]"
78,118,England,Luke Shaw,"[87.0, 8.7]"
79,119,England,Philip Foden,"[89.4, 2.7]"
80,120,England,Harry Kane,"[81.2, 6.7]"
81,121,England,Bukayo Saka,"[94.2, 72.3]"
82,122,England,Kyle Walker,"[74.4, 66.0]"
83,123,England,John Stones,"[59.0, 41.4]"
84,124,England,Jordan Brian Henderson,"[92.3, 72.0]"
85,125,England,Jude Bellingham,"[87.2, 41.9]"
86,126,England,Kyle Walker,"[73.5, 53.5]"
87,127,England,Harry Maguire,"[78.1, 22.4]"
88,128,England,Philip Foden,"[93.0, 3.1]"
89,129,England,Harry Maguire,"[74.0, 15.7]"
90,130,England,John Stones,"[61.0, 40.0]"
91,131,England,Kyle Walker,"[63.8, 53.0]"
92,132,England,John Stones,"[56.4, 39.0]"
93,133,England,Declan Rice,"[67.2, 38.1]"
94,134,England,Kyle Walker,"[57.8, 52.0]"
95,135,England,Bukayo Saka,"[71.8, 74.2]"
96,136,England,Kyle Walker,"[43.9, 67.7]"
97,137,England,John Stones,"[44.1, 45.5]"
98,138,England,Jordan Brian Henderson,"[61.2, 51.6]"
99,139,England,Kyle Walker,"[45.1, 58.5]"
100,140,England,Bukayo Saka,"[114.2, 66.0]"
101,141,England,Luke Shaw,"[91.6, 7.7]"
102,142,England,Jude Bellingham,"[90.6, 7.2]"
103,143,England,Philip Foden,"[96.1, 10.6]"
104,146,England,Harry Maguire,"[71.1, 2.4]"
105,147,England,Harry Kane,"[110.6, 11.6]"
106,149,England,John Stones,"[74.2, 74.9]"
107,152,England,Bukayo Saka,"[78.3, 66.2]"
108,153,England,Harry Kane,"[84.6, 63.8]"
109,154,England,Jordan Brian Henderson,"[95.6, 74.9]"
110,158,England,Harry Maguire,"[38.1, 13.7]"
111,159,England,Declan Rice,"[41.9, 18.3]"
112,160,England,John Stones,"[25.5, 27.9]"
113,161,England,Jordan Pickford,"[7.7, 31.8]"
114,162,England,Harry Kane,"[62.9, 9.9]"
115,166,England,Luke Shaw,"[107.2, 0.1]"
116,167,England,Harry Kane,"[102.4, 11.6]"
117,168,England,Philip Foden,"[106.5, 5.5]"
118,169,England,Luke Shaw,"[96.4, 3.1]"
119,170,England,Philip Foden,"[104.3, 3.1]"
120,171,England,Harry Kane,"[100.0, 16.4]"
121,175,England,John Stones,"[42.9, 54.0]"
122,177,England,Kyle Walker,"[57.1, 80.0]"
123,178,England,John Stones,"[24.6, 67.2]"
124,179,England,Jordan Pickford,"[10.6, 33.5]"
125,180,England,Luke Shaw,"[62.2, 4.6]"
126,181,England,Harry Maguire,"[39.3, 9.2]"
127,182,England,John Stones,"[37.1, 38.5]"
128,183,England,Kyle Walker,"[45.3, 55.9]"
129,184,England,Harry Maguire,"[49.6, 6.7]"
130,185,England,Luke Shaw,"[57.3, 1.4]"
131,186,England,Declan Rice,"[67.2, 4.3]"
132,187,England,Philip Foden,"[77.1, 9.9]"
133,188,England,Luke Shaw,"[94.2, 2.4]"
134,192,England,Declan Rice,"[20.0, 14.7]"
135,193,England,John Stones,"[7.9, 24.8]"
136,194,England,Jordan Pickford,"[6.0, 36.0]"
137,195,England,John Stones,"[14.9, 47.0]"
138,196,England,Declan Rice,"[30.8, 32.5]"
139,197,England,John Stones,"[27.0, 50.8]"
140,198,England,Kyle Walker,"[36.1, 65.8]"
141,199,England,Bukayo Saka,"[54.9, 71.1]"
142,201,England,Declan Rice,"[29.2, 55.9]"
143,202,England,Jordan Pickford,"[9.4, 43.1]"
144,203,England,Jude Bellingham,"[37.6, 40.7]"
145,204,England,Kyle Walker,"[9.6, 75.6]"
146,205,England,John Stones,"[18.8, 39.8]"
147,206,England,Jordan Brian Henderson,"[27.5, 46.5]"
148,207,England,John Stones,"[14.7, 35.7]"
149,208,England,Harry Maguire,"[26.0, 7.2]"
150,209,England,John Stones,"[37.8, 53.7]"
151,210,England,Kyle Walker,"[31.8, 63.8]"
152,211,England,Jordan Pickford,"[25.1, 32.5]"
153,212,England,Harry Maguire,"[33.0, 16.9]"
154,213,England,John Stones,"[36.1, 45.5]"
155,214,England,Kyle Walker,"[45.3, 64.8]"
156,215,England,Harry Maguire,"[62.2, 15.9]"
157,216,England,Jude Bellingham,"[56.4, 1.7]"
158,217,England,Philip Foden,"[69.4, 2.2]"
159,218,England,Jude Bellingham,"[51.1, 3.6]"
160,219,England,John Stones,"[43.6, 32.5]"
161,220,England,Kyle Walker,"[49.6, 52.8]"
162,226,England,Kyle Walker,"[74.9, 74.9]"
163,227,England,Philip Foden,"[120.0, 80.0]"
164,243,England,Declan Rice,"[12.5, 57.6]"
165,244,England,Bukayo Saka,"[18.8, 63.6]"
166,247,England,Harry Maguire,"[27.7, 23.4]"
167,249,England,Jordan Pickford,"[6.0, 44.0]"
168,250,England,John Stones,"[30.8, 46.0]"
169,251,England,Harry Maguire,"[25.5, 22.6]"
170,252,England,Luke Shaw,"[21.9, 8.4]"
171,253,England,Jordan Pickford,"[8.4, 44.6]"
172,254,England,John Stones,"[21.9, 67.0]"
173,260,England,Luke Shaw,"[61.9, 0.1]"
174,261,England,Declan Rice,"[49.2, 4.3]"
175,262,England,Jordan Brian Henderson,"[40.0, 30.4]"
176,263,England,Kyle Walker,"[43.6, 54.9]"
177,264,England,John Stones,"[34.2, 42.4]"
178,265,England,Kyle Walker,"[41.2, 55.2]"
179,266,England,John Stones,"[25.1, 44.8]"
180,267,England,Harry Maguire,"[26.5, 12.5]"
181,268,England,Jordan Pickford,"[13.5, 28.4]"
182,269,England,Harry Maguire,"[36.9, 5.3]"
183,270,England,Luke Shaw,"[51.8, 3.1]"
184,271,England,Harry Maguire,"[57.3, 12.3]"
185,274,England,Harry Maguire,"[39.8, 18.8]"
186,275,England,Luke Shaw,"[54.2, 3.4]"
187,276,England,Jude Bellingham,"[47.2, 10.4]"
188,277,England,Jordan Brian Henderson,"[41.9, 30.8]"
189,278,England,John Stones,"[47.7, 26.0]"
190,279,England,Harry Maguire,"[44.3, 5.5]"
191,280,England,John Stones,"[40.2, 35.4]"
192,281,England,Kyle Walker,"[51.8, 50.1]"
193,282,England,Harry Maguire,"[41.9, 11.3]"
194,283,England,John Stones,"[47.2, 47.5]"
195,284,England,Kyle Walker,"[53.7, 71.3]"
196,285,England,Jordan Brian Henderson,"[55.2, 57.8]"
197,286,England,John Stones,"[40.2, 47.0]"
198,287,England,Jordan Brian Henderson,"[74.4, 74.7]"
199,288,England,Bukayo Saka,"[84.3, 66.2]"
200,289,England,Declan Rice,"[75.2, 43.6]"
201,290,England,Luke Shaw,"[79.3, 4.8]"
202,291,England,Jude Bellingham,"[83.1, 10.4]"
203,292,England,Declan Rice,"[70.8, 16.6]"
204,293,England,John Stones,"[64.3, 31.8]"
205,294,England,Declan Rice,"[67.0, 12.8]"
206,295,England,Jude Bellingham,"[66.3, 2.2]"
207,296,England,Bukayo Saka,"[79.0, 13.3]"
208,297,England,Philip Foden,"[88.9, 13.5]"
209,298,England,Bukayo Saka,"[88.4, 10.4]"
210,299,England,Declan Rice,"[79.3, 1.6]"
211,300,England,Luke Shaw,"[67.3, 0.1]"
212,301,England,Harry Maguire,"[53.6, 20.5]"
213,302,England,John Stones,"[51.9, 36.4]"
214,303,England,Declan Rice,"[56.6, 27.6]"
215,304,England,John Stones,"[52.1, 58.6]"
216,305,England,Kyle Walker,"[38.8, 68.4]"
217,306,England,Jordan Pickford,"[20.7, 20.5]"
218,307,England,Harry Maguire,"[30.4, 10.6]"
219,308,England,Jordan Pickford,"[27.8, 30.3]"
220,309,England,John Stones,"[44.0, 48.0]"
221,311,England,Declan Rice,"[56.6, 47.4]"
222,312,England,Harry Maguire,"[35.9, 29.6]"
223,313,England,Kyle Walker,"[81.4, 80.0]"
224,314,England,Harry Kane,"[91.9, 69.9]"
225,315,England,Kyle Walker,"[80.9, 76.6]"
226,316,England,John Stones,"[55.7, 60.7]"
227,317,England,Harry Maguire,"[53.1, 28.6]"
228,318,England,Luke Shaw,"[65.2, 5.9]"
229,319,England,Harry Maguire,"[47.6, 22.1]"
230,320,England,John Stones,"[53.1, 48.0]"
231,321,England,Jordan Brian Henderson,"[67.3, 50.2]"
232,322,England,John Stones,"[50.5, 47.3]"
233,323,England,Jordan Brian Henderson,"[53.6, 50.3]"
234,324,England,John Stones,"[55.3, 34.3]"
235,325,England,Harry Maguire,"[62.0, 8.6]"
236,326,England,Luke Shaw,"[80.3, 3.9]"
237,327,England,Philip Foden,"[88.4, 10.0]"
238,328,England,Luke Shaw,"[82.6, 10.6]"
239,329,England,Philip Foden,"[81.4, 6.0]"
240,330,England,Jude Bellingham,"[83.1, 14.9]"
241,331,England,Harry Maguire,"[60.9, 13.7]"
242,332,England,Jude Bellingham,"[73.6, 3.9]"
243,333,England,Harry Maguire,"[50.4, 8.9]"
244,334,England,John Stones,"[47.2, 38.6]"
245,335,England,Jordan Brian Henderson,"[52.1, 55.1]"
246,336,England,John Stones,"[47.6, 46.4]"
247,361,England,Harry Maguire,"[52.1, 31.5]"
248,365,England,Jude Bellingham,"[61.5, 11.4]"
249,369,England,Kyle Walker,"[20.4, 64.4]"
250,370,England,Bukayo Saka,"[25.0, 77.1]"
251,372,England,Bukayo Saka,"[1.8, 60.1]"
252,373,England,Declan Rice,"[35.6, 56.8]"
253,374,England,Luke Shaw,"[50.4, 6.2]"
254,375,England,Harry Maguire,"[35.6, 13.8]"
255,376,England,John Stones,"[40.9, 39.6]"
256,377,England,Harry Maguire,"[44.3, 18.7]"
257,378,England,Philip Foden,"[58.3, 4.8]"
258,379,England,Harry Maguire,"[36.6, 12.6]"
259,380,England,Jordan Pickford,"[22.4, 34.0]"
260,381,England,John Stones,"[28.4, 51.4]"
261,382,England,Harry Maguire,"[38.8, 15.3]"
262,383,England,Jude Bellingham,"[50.5, 3.7]"
263,384,England,Harry Maguire,"[41.3, 19.9]"
264,385,England,Luke Shaw,"[89.5, 2.7]"
265,389,England,Harry Kane,"[96.2, 21.6]"
266,403,England,Jordan Pickford,"[6.0, 36.0]"
267,404,England,Harry Maguire,"[40.0, 23.8]"
268,405,England,John Stones,"[43.0, 48.7]"
269,411,England,Jordan Brian Henderson,"[12.9, 75.1]"
270,412,England,Bukayo Saka,"[17.2, 70.2]"
271,413,England,Kyle Walker,"[11.7, 63.9]"
272,414,England,Harry Kane,"[49.9, 51.3]"
273,415,England,Bukayo Saka,"[56.0, 58.0]"
274,416,England,Jude Bellingham,"[63.1, 49.1]"
275,417,England,Harry Kane,"[58.8, 56.9]"
276,418,England,Luke Shaw,"[75.3, 11.1]"
277,419,England,Philip Foden,"[86.7, 11.1]"
278,420,England,Luke Shaw,"[88.0, 3.7]"
279,421,England,Jude Bellingham,"[93.6, 8.9]"
280,422,England,Philip Foden,"[94.7, 3.3]"
281,423,England,Luke Shaw,"[84.8, 4.8]"
282,424,England,Declan Rice,"[72.5, 16.6]"
283,425,England,Harry Maguire,"[67.6, 31.2]"
284,426,England,John Stones,"[61.1, 49.1]"
285,427,England,Kyle Walker,"[64.6, 67.1]"
286,435,England,Jordan Pickford,"[6.0, 36.0]"
287,436,England,John Stones,"[26.7, 37.0]"
288,437,England,Harry Maguire,"[34.8, 9.4]"
289,438,England,Luke Shaw,"[45.1, 0.3]"
290,439,England,Philip Foden,"[58.0, 2.8]"
291,440,England,Harry Kane,"[71.9, 6.0]"
292,441,England,Jude Bellingham,"[106.9, 21.3]"
293,447,England,Jordan Pickford,"[6.0, 44.0]"
294,448,England,Bukayo Saka,"[112.9, 61.8]"
295,451,England,Declan Rice,"[57.4, 68.4]"
296,452,England,Jude Bellingham,"[63.7, 61.8]"
297,453,England,Jordan Brian Henderson,"[66.3, 67.3]"
298,454,England,Harry Kane,"[78.2, 58.3]"
299,455,England,Bukayo Saka,"[103.4, 63.9]"
300,460,England,John Stones,"[38.3, 56.1]"
301,461,England,Jordan Pickford,"[14.5, 34.0]"
302,463,England,Kyle Walker,"[52.1, 59.2]"
303,464,England,Kyle Walker,"[51.6, 58.6]"
304,466,England,Luke Shaw,"[59.2, 26.5]"
305,467,England,Jude Bellingham,"[92.3, 23.8]"
306,468,England,Luke Shaw,"[117.9, 24.2]"
307,469,England,Philip Foden,"[120.0, 0.1]"
308,470,England,Jude Bellingham,"[93.6, 27.6]"
309,471,England,Bukayo Saka,"[93.6, 49.6]"
310,473,England,Harry Maguire,"[72.7, 74.8]"
311,474,England,Kyle Walker,"[61.1, 80.0]"
312,475,England,John Stones,"[38.9, 76.0]"
313,476,England,Kyle Walker,"[47.6, 75.1]"
314,477,England,Jordan Pickford,"[14.5, 52.9]"
315,478,England,John Stones,"[19.8, 58.3]"
316,479,England,Declan Rice,"[36.6, 56.9]"
317,480,England,Kyle Walker,"[35.9, 76.6]"
318,481,England,Jordan Brian Henderson,"[48.2, 73.6]"
319,482,England,Declan Rice,"[103.4, 65.5]"
320,483,England,Philip Foden,"[120.0, 80.0]"
321,484,England,Luke Shaw,"[75.7, 0.1]"
322,485,England,Kyle Walker,"[43.7, 26.3]"
323,486,England,Jude Bellingham,"[43.2, 45.3]"
324,487,England,Jordan Pickford,"[23.2, 30.8]"
325,488,England,Jordan Brian Henderson,"[70.4, 70.7]"
326,489,England,Bukayo Saka,"[76.4, 61.8]"
327,490,England,Jude Bellingham,"[68.3, 64.4]"
328,491,England,Jordan Brian Henderson,"[81.2, 75.1]"
329,505,England,Kyle Walker,"[17.2, 67.3]"
330,506,England,Bukayo Saka,"[28.2, 68.8]"
331,512,England,Jude Bellingham,"[63.5, 44.1]"
332,513,England,Philip Foden,"[82.6, 28.8]"
333,514,England,Jude Bellingham,"[61.0, 40.1]"
334,515,England,Harry Maguire,"[42.2, 43.1]"
335,516,England,Kyle Walker,"[72.9, 80.0]"
336,517,England,Declan Rice,"[76.8, 36.9]"
337,518,England,Luke Shaw,"[68.7, 4.5]"
338,519,England,Philip Foden,"[75.4, 5.6]"
339,520,England,Harry Maguire,"[44.8, 34.2]"
340,521,England,John Stones,"[45.0, 52.7]"
341,522,England,Declan Rice,"[54.6, 45.3]"
342,523,England,Kyle Walker,"[48.2, 72.1]"
343,524,England,John Stones,"[16.5, 59.9]"
344,525,England,Jordan Pickford,"[9.1, 35.6]"
345,526,England,Philip Foden,"[63.8, 11.0]"
346,528,England,Harry Maguire,"[32.7, 3.3]"
347,531,England,Luke Shaw,"[8.3, 5.5]"
348,532,England,Luke Shaw,"[28.5, 0.1]"
349,533,England,Philip Foden,"[50.5, 8.5]"
350,538,England,John Stones,"[55.5, 52.1]"
351,539,England,Kyle Walker,"[53.7, 72.1]"
352,540,England,Jordan Brian Henderson,"[63.5, 76.4]"
353,541,England,Bukayo Saka,"[78.0, 77.3]"
354,542,England,Kyle Walker,"[48.3, 76.2]"
355,543,England,Declan Rice,"[51.5, 61.2]"
356,544,England,John Stones,"[37.8, 42.6]"
357,545,England,Harry Maguire,"[33.8, 15.7]"
358,546,England,Declan Rice,"[45.3, 27.8]"
359,547,England,John Stones,"[43.1, 31.0]"
360,548,England,Jude Bellingham,"[57.6, 25.0]"
361,549,England,Harry Maguire,"[35.3, 23.6]"
362,550,England,Bukayo Saka,"[101.0, 58.5]"
363,551,England,Jordan Brian Henderson,"[114.0, 58.0]"
364,552,England,Declan Rice,"[83.0, 51.6]"
365,554,England,John Stones,"[71.6, 41.4]"
366,555,England,Luke Shaw,"[64.1, 18.3]"
367,556,England,Harry Maguire,"[51.1, 25.6]"
368,562,England,John Stones,"[62.4, 52.7]"
369,563,England,Harry Maguire,"[44.4, 40.5]"
370,564,England,Kyle Walker,"[45.4, 73.9]"
371,565,England,John Stones,"[40.5, 67.5]"
372,566,England,Kyle Walker,"[47.0, 73.9]"
373,567,England,John Stones,"[39.8, 62.6]"
374,568,England,Declan Rice,"[54.9, 37.7]"
375,569,England,Luke Shaw,"[49.2, 4.5]"
376,570,England,Jude Bellingham,"[62.4, 21.8]"
377,571,England,Harry Kane,"[70.8, 46.6]"
378,578,England,Jordan Pickford,"[7.0, 44.1]"
379,579,England,Declan Rice,"[22.7, 33.1]"
380,580,England,Harry Maguire,"[14.9, 23.3]"
381,581,England,Luke Shaw,"[40.2, 3.5]"
382,582,England,Harry Maguire,"[13.3, 14.0]"
383,583,England,Jordan Pickford,"[12.3, 43.2]"
384,584,England,John Stones,"[38.7, 61.5]"
385,585,England,Bukayo Saka,"[106.7, 80.0]"
386,586,England,Jordan Brian Henderson,"[81.3, 75.3]"
387,587,England,Declan Rice,"[76.1, 65.8]"
388,588,England,Harry Kane,"[86.4, 62.5]"
389,591,England,Declan Rice,"[75.1, 49.6]"
390,592,England,Luke Shaw,"[67.6, 40.3]"
391,593,England,John Stones,"[45.0, 61.5]"
392,594,England,Jordan Pickford,"[22.2, 37.7]"
393,595,England,John Stones,"[38.7, 71.2]"
394,596,England,Declan Rice,"[39.2, 69.5]"
395,597,England,Harry Maguire,"[44.4, 36.2]"
396,598,England,Luke Shaw,"[61.8, 5.6]"
397,599,England,Luke Shaw,"[85.3, 0.1]"
398,600,England,Luke Shaw,"[101.2, 0.1]"
399,601,England,Jude Bellingham,"[100.0, 11.7]"
400,602,England,Luke Shaw,"[100.3, 3.5]"
401,603,England,Philip Foden,"[106.7, 3.9]"
402,604,England,Harry Kane,"[96.2, 10.7]"
403,605,England,Luke Shaw,"[102.1, 24.0]"
404,606,England,Jude Bellingham,"[110.2, 18.9]"
405,608,England,Harry Kane,"[93.6, 20.4]"
406,609,England,Declan Rice,"[82.3, 34.5]"
407,610,England,Kyle Walker,"[74.0, 63.7]"
408,611,England,Bukayo Saka,"[97.2, 72.1]"
409,612,England,Kyle Walker,"[88.5, 74.2]"
410,613,England,Jordan Brian Henderson,"[99.4, 75.3]"
411,614,England,Bukayo Saka,"[89.6, 67.7]"
412,615,England,Harry Maguire,"[76.1, 35.0]"
413,616,England,Luke Shaw,"[90.7, 5.6]"
414,617,England,Philip Foden,"[92.3, 18.9]"
415,618,England,Luke Shaw,"[86.2, 10.5]"
416,619,England,Harry Maguire,"[69.6, 18.9]"
417,620,England,John Stones,"[43.1, 40.5]"
418,621,England,Jordan Pickford,"[18.8, 37.2]"
419,622,England,Harry Kane,"[73.7, 16.0]"
420,623,England,Philip Foden,"[88.1, 23.6]"
421,627,England,Harry Maguire,"[67.6, 31.4]"
422,634,England,Harry Kane,"[87.3, 35.6]"
423,642,England,Jordan Pickford,"[7.0, 44.1]"
424,645,England,John Stones,"[58.1, 38.8]"
425,646,England,Luke Shaw,"[65.3, 17.1]"
426,647,England,Harry Kane,"[76.1, 27.6]"
427,648,England,Bukayo Saka,"[100.0, 70.1]"
428,649,England,Jordan Brian Henderson,"[116.6, 74.2]"
429,650,England,Kyle Walker,"[67.1, 76.2]"
430,651,England,John Stones,"[53.5, 51.0]"
431,652,England,Harry Maguire,"[65.9, 25.3]"
432,653,England,Luke Shaw,"[88.1, 3.5]"
433,667,England,Luke Shaw,"[43.9, 28.2]"
434,668,England,Philip Foden,"[57.6, 17.7]"
435,669,England,Luke Shaw,"[47.1, 12.6]"
436,670,England,Philip Foden,"[105.7, 14.5]"
437,674,England,Jordan Brian Henderson,"[89.6, 80.0]"
438,675,England,Declan Rice,"[81.2, 75.1]"
439,676,England,Jordan Brian Henderson,"[83.3, 77.3]"
440,677,England,Kyle Walker,"[65.9, 72.5]"
441,678,England,Declan Rice,"[72.9, 67.4]"
442,679,England,John Stones,"[50.8, 52.1]"
443,680,England,Harry Maguire,"[37.5, 28.8]"
444,681,England,Philip Foden,"[39.5, 10.5]"
445,682,England,Harry Maguire,"[13.3, 8.5]"
446,683,England,Jordan Pickford,"[11.7, 42.6]"
447,684,England,John Stones,"[21.1, 56.3]"
448,685,England,Declan Rice,"[29.4, 47.5]"
449,686,England,Harry Kane,"[52.5, 43.1]"
450,687,England,Jordan Brian Henderson,"[95.7, 62.0]"
451,688,England,Kyle Walker,"[105.6, 71.2]"
452,689,England,Kyle Walker,"[105.6, 80.0]"
453,699,England,Jude Bellingham,"[70.6, 8.8]"
454,701,England,Declan Rice,"[43.7, 24.6]"
455,702,England,Harry Kane,"[71.9, 28.2]"
456,703,England,Philip Foden,"[82.9, 30.4]"
457,709,England,Jude Bellingham,"[59.0, 38.3]"
458,710,England,Jordan Brian Henderson,"[64.2, 50.8]"
459,711,England,Kyle Walker,"[51.8, 66.9]"
460,712,England,John Stones,"[28.3, 57.4]"
461,713,England,Jordan Pickford,"[10.6, 31.4]"
462,719,England,Bukayo Saka,"[47.1, 51.9]"
463,720,England,Jordan Brian Henderson,"[66.5, 74.8]"
464,721,England,Jude Bellingham,"[67.6, 65.8]"
465,722,England,Kyle Walker,"[43.9, 74.8]"
466,723,England,Declan Rice,"[47.4, 65.2]"
467,724,England,John Stones,"[45.0, 47.9]"
468,725,England,Kyle Walker,"[45.9, 67.7]"
469,726,England,Jordan Brian Henderson,"[57.5, 76.8]"
470,727,England,Kyle Walker,"[32.7, 71.5]"
471,728,England,John Stones,"[25.9, 42.6]"
472,729,England,Harry Maguire,"[35.6, 14.5]"
473,730,England,Philip Foden,"[60.2, 14.5]"
474,731,England,Jude Bellingham,"[63.0, 27.3]"
475,732,England,Luke Shaw,"[63.0, 10.2]"
476,733,England,Jude Bellingham,"[60.9, 19.4]"
477,734,England,Harry Maguire,"[45.3, 13.7]"
478,735,England,John Stones,"[57.5, 55.1]"
479,736,England,Bukayo Saka,"[76.9, 76.4]"
480,737,England,Jordan Brian Henderson,"[83.3, 66.9]"
481,738,England,Kyle Walker,"[78.1, 52.1]"
482,743,England,John Stones,"[35.5, 43.7]"
483,744,England,Jordan Pickford,"[7.4, 35.9]"
484,745,England,Luke Shaw,"[47.1, 4.5]"
485,746,England,Jude Bellingham,"[50.3, 13.7]"
486,747,England,Harry Maguire,"[27.2, 12.3]"
487,748,England,John Stones,"[29.5, 59.6]"
488,749,England,Jordan Brian Henderson,"[48.6, 59.9]"
489,750,England,John Stones,"[34.9, 60.3]"
490,751,England,Jordan Brian Henderson,"[43.3, 72.9]"
491,752,England,John Stones,"[43.3, 57.7]"
492,753,England,Jordan Brian Henderson,"[38.1, 71.2]"
493,754,England,Jordan Pickford,"[25.4, 47.6]"
494,755,England,Kyle Walker,"[40.2, 72.1]"
495,756,England,John Stones,"[33.4, 64.6]"
496,757,England,Declan Rice,"[38.9, 63.1]"
497,758,England,Kyle Walker,"[39.8, 76.4]"
498,759,England,Marcus Rashford,"[51.4, 67.5]"
499,760,England,Kyle Walker,"[48.0, 51.5]"
500,761,England,Marcus Rashford,"[62.1, 74.8]"
501,762,England,Jordan Brian Henderson,"[62.4, 62.6]"
502,763,England,Declan Rice,"[49.7, 38.3]"
503,764,England,Declan Rice,"[56.0, 23.2]"
504,765,England,Marcus Rashford,"[61.3, 73.6]"
505,766,England,Kyle Walker,"[48.0, 62.0]"
506,767,England,John Stones,"[45.4, 47.6]"
507,768,England,Jordan Brian Henderson,"[61.8, 52.1]"
508,769,England,Kyle Walker,"[47.1, 62.5]"
509,770,England,John Stones,"[39.2, 48.3]"
510,771,England,Harry Maguire,"[33.7, 18.8]"
511,772,England,Jordan Pickford,"[12.7, 25.6]"
512,778,England,Jordan Pickford,"[16.2, 34.2]"
513,784,England,Luke Shaw,"[23.1, 33.1]"
514,791,England,Jordan Pickford,"[7.0, 44.1]"
515,792,England,John Stones,"[23.3, 65.7]"
516,793,England,Jordan Brian Henderson,"[31.7, 68.7]"
517,794,England,John Stones,"[23.9, 67.5]"
518,795,England,Declan Rice,"[33.4, 58.5]"
519,796,England,Jordan Pickford,"[19.6, 30.5]"
520,797,England,Harry Maguire,"[18.7, 23.6]"
521,798,England,John Stones,"[17.8, 55.7]"
522,799,England,Kyle Walker,"[27.1, 75.3]"
523,800,England,John Stones,"[36.4, 60.5]"
524,801,England,Jordan Brian Henderson,"[59.2, 69.6]"
525,802,England,Marcus Rashford,"[85.3, 65.4]"
526,819,England,Jack Grealish,"[11.7, 8.1]"
527,820,England,Harry Maguire,"[24.7, 25.2]"
528,822,England,Kyle Walker,"[34.8, 80.0]"
529,823,England,John Stones,"[18.0, 78.7]"
530,827,England,Jordan Pickford,"[7.0, 44.1]"
531,828,England,Kyle Walker,"[86.4, 80.0]"
532,829,England,John Stones,"[56.7, 74.6]"
533,830,England,Harry Maguire,"[48.3, 48.3]"
534,831,England,Luke Shaw,"[45.9, 22.3]"
535,832,England,Declan Rice,"[53.8, 46.6]"
536,833,England,Marcus Rashford,"[76.5, 75.5]"
537,834,England,Kyle Walker,"[59.4, 74.6]"
538,835,England,Declan Rice,"[55.8, 67.6]"
539,836,England,Kyle Walker,"[57.0, 76.5]"
540,837,England,John Stones,"[22.8, 56.5]"
541,838,England,Jordan Pickford,"[13.9, 34.3]"
542,839,England,Luke Shaw,"[49.7, 6.1]"
543,840,England,Declan Rice,"[52.6, 27.3]"
544,841,England,Luke Shaw,"[51.2, 6.1]"
545,842,England,Jack Grealish,"[70.9, 5.4]"
546,843,England,Luke Shaw,"[81.1, 13.9]"
547,844,England,Harry Maguire,"[115.5, 58.4]"
548,847,England,Jordan Brian Henderson,"[70.5, 76.2]"
549,848,England,Jordan Pickford,"[30.5, 64.4]"
550,853,England,Kyle Walker,"[21.6, 57.5]"
551,854,England,Jordan Brian Henderson,"[30.5, 55.3]"
552,855,England,Marcus Rashford,"[39.1, 65.2]"
553,866,England,Mason Mount,"[64.0, 57.2]"
554,867,England,Declan Rice,"[49.7, 53.6]"
555,868,England,Jack Grealish,"[59.1, 52.2]"
556,869,England,Kyle Walker,"[49.7, 74.8]"
557,870,England,Jordan Brian Henderson,"[51.9, 67.8]"
558,871,England,Marcus Rashford,"[102.3, 69.7]"
559,874,England,Mason Mount,"[84.4, 18.9]"
560,875,England,Jordan Brian Henderson,"[74.8, 26.6]"
561,876,England,Declan Rice,"[71.2, 20.1]"
562,877,England,Jack Grealish,"[88.0, 4.9]"
563,878,England,Luke Shaw,"[75.8, 8.1]"
564,879,England,Declan Rice,"[69.0, 11.4]"
565,880,England,Harry Maguire,"[51.7, 28.3]"
566,881,England,Kyle Walker,"[63.2, 56.5]"
567,882,England,Jordan Brian Henderson,"[61.8, 49.3]"
568,883,England,Kyle Walker,"[62.3, 59.6]"
569,884,England,Eric Dier,"[46.6, 59.6]"
570,885,England,Declan Rice,"[57.2, 46.6]"
571,886,England,Jordan Brian Henderson,"[57.2, 54.6]"
572,887,England,Eric Dier,"[41.8, 51.2]"
573,888,England,Harry Maguire,"[46.6, 30.5]"
574,889,England,Eric Dier,"[44.0, 55.8]"
575,892,England,Marcus Rashford,"[79.9, 78.4]"
576,893,England,Kyle Walker,"[57.0, 74.3]"
577,894,England,Declan Rice,"[63.7, 48.3]"
578,895,England,Luke Shaw,"[65.2, 16.0]"
579,896,England,Jack Grealish,"[94.1, 5.2]"
580,897,England,Luke Shaw,"[81.1, 11.4]"
581,898,England,Luke Shaw,"[87.3, 5.9]"
582,899,England,Harry Maguire,"[54.8, 14.8]"
583,900,England,Eric Dier,"[45.7, 44.7]"
584,901,England,Kyle Walker,"[48.8, 69.5]"
585,902,England,Eric Dier,"[22.0, 72.4]"
586,903,England,Jordan Pickford,"[20.6, 33.1]"
587,914,England,Kyle Walker,"[53.2, 79.1]"
588,916,England,Eric Dier,"[51.2, 70.5]"
589,917,England,Mason Mount,"[72.9, 67.6]"
590,918,England,Marcus Rashford,"[79.4, 72.6]"
591,937,England,Jordan Pickford,"[7.0, 44.1]"
592,938,England,Marcus Rashford,"[92.1, 61.8]"
593,942,England,Jordan Pickford,"[25.4, 49.3]"
594,955,England,Jack Grealish,"[82.3, 38.4]"
595,966,England,Jordan Pickford,"[14.1, 38.7]"
596,967,England,Declan Rice,"[44.7, 8.1]"
597,968,England,Jack Grealish,"[37.9, 44.2]"
598,969,England,Eric Dier,"[22.8, 52.4]"
599,970,England,Kyle Walker,"[35.1, 66.4]"
600,971,England,Harry Kane,"[45.9, 77.4]"
601,972,England,Kyle Walker,"[35.8, 71.9]"
602,973,England,Eric Dier,"[13.9, 64.7]"
603,974,England,Jordan Pickford,"[9.8, 37.2]"
604,975,England,Declan Rice,"[22.8, 35.5]"
605,976,England,Eric Dier,"[12.4, 58.7]"
606,977,England,Declan Rice,"[32.6, 59.9]"
607,978,England,Kyle Walker,"[35.5, 75.8]"
608,982,England,Luke Shaw,"[47.8, 38.4]"
609,983,England,Eric Dier,"[40.6, 60.3]"
610,984,England,Kalvin Phillips,"[50.0, 60.3]"
611,985,England,Kyle Walker,"[38.7, 77.9]"
612,986,England,Kalvin Phillips,"[37.2, 71.7]"
613,1001,England,Jordan Pickford,"[7.0, 44.1]"
614,1002,England,Eric Dier,"[42.0, 71.4]"
615,1003,England,Kyle Walker,"[33.6, 78.4]"
616,1004,England,Eric Dier,"[16.0, 66.8]"
617,1005,England,Jordan Pickford,"[23.5, 34.1]"
618,1006,England,Marcus Rashford,"[70.0, 73.6]"
619,1007,England,Kyle Walker,"[27.1, 71.7]"
620,1008,England,Declan Rice,"[35.5, 69.3]"
621,1009,England,Kyle Walker,"[35.5, 77.4]"
622,1010,England,Eric Dier,"[11.7, 77.0]"
623,1012,England,Declan Rice,"[59.1, 44.7]"
624,1013,England,Kalvin Phillips,"[76.0, 57.2]"
625,1014,England,Jack Grealish,"[98.6, 28.1]"
626,1015,England,Luke Shaw,"[117.2, 22.5]"
627,1026,England,Luke Shaw,"[19.9, 29.5]"
628,1027,England,Jack Grealish,"[28.8, 32.4]"
629,1049,England,Declan Rice,"[18.6, 19.8]"
630,1050,England,Jordan Pickford,"[2.9, 32.8]"
631,1059,England,Jude Bellingham,"[74.0, 3.1]"
632,1060,England,Harry Maguire,"[46.7, 21.7]"
633,1061,England,John Stones,"[32.1, 41.7]"
634,1062,England,Jordan Pickford,"[14.9, 27.7]"
635,1063,England,John Stones,"[21.7, 52.5]"
636,1064,England,Kyle Walker,"[36.9, 73.0]"
637,1065,England,Harry Maguire,"[21.7, 12.8]"
638,1066,England,Luke Shaw,"[42.6, 3.4]"
639,1067,England,Philip Foden,"[63.1, 2.7]"
640,1068,England,Harry Maguire,"[29.2, 9.4]"
641,1069,England,Jude Bellingham,"[39.3, 3.6]"
642,1070,England,Harry Maguire,"[25.1, 16.6]"
643,1071,England,Jude Bellingham,"[38.8, 3.4]"
644,1072,England,Luke Shaw,"[54.7, 2.2]"
645,1073,England,Philip Foden,"[97.3, 12.5]"
646,1081,England,Harry Kane,"[97.6, 12.8]"
647,1082,England,Jordan Brian Henderson,"[99.0, 24.8]"
648,1083,England,Philip Foden,"[116.6, 20.2]"
649,1087,England,John Stones,"[19.5, 50.8]"
650,1088,England,Harry Maguire,"[31.1, 10.4]"
651,1089,England,Luke Shaw,"[53.7, 2.4]"
652,1090,England,Philip Foden,"[67.2, 2.4]"
653,1091,England,Luke Shaw,"[63.4, 6.3]"
654,1093,England,John Stones,"[23.6, 51.1]"
655,1094,England,Kyle Walker,"[32.8, 72.8]"
656,1095,England,Bukayo Saka,"[50.4, 74.0]"
657,1096,England,Harry Maguire,"[38.6, 3.9]"
658,1097,England,Philip Foden,"[75.9, 4.8]"
659,1098,England,Luke Shaw,"[73.0, 1.7]"
660,1099,England,Jude Bellingham,"[92.3, 4.3]"
661,1100,England,John Stones,"[31.6, 31.6]"
662,1101,England,Kyle Walker,"[36.1, 54.7]"
663,1102,England,Bukayo Saka,"[55.2, 71.8]"
664,1103,England,Jordan Brian Henderson,"[46.3, 57.6]"
665,1104,England,Bukayo Saka,"[42.2, 70.1]"
666,1105,England,John Stones,"[14.7, 56.9]"
667,1106,England,Harry Maguire,"[28.2, 6.5]"
668,1107,England,Jude Bellingham,"[47.7, 10.6]"
669,1108,England,Luke Shaw,"[50.1, 4.3]"
670,1109,England,Declan Rice,"[53.7, 10.4]"
671,1110,England,Harry Maguire,"[32.1, 8.4]"
672,1111,England,Jordan Pickford,"[14.5, 38.5]"
673,1112,England,John Stones,"[22.9, 51.6]"
674,1113,England,Declan Rice,"[34.2, 48.7]"
675,1114,England,Kyle Walker,"[31.1, 73.7]"
676,1115,England,John Stones,"[4.3, 70.1]"
677,1116,England,Jordan Brian Henderson,"[40.2, 66.7]"
678,1117,England,Harry Kane,"[55.9, 69.9]"
679,1120,England,Kyle Walker,"[81.2, 50.6]"
680,1121,England,Declan Rice,"[114.7, 20.5]"
681,1122,England,Philip Foden,"[97.1, 27.0]"
682,1123,England,Harry Kane,"[101.4, 33.7]"
683,1129,England,John Stones,"[14.9, 46.0]"
684,1130,England,Harry Maguire,"[33.7, 5.3]"
685,1131,England,Jude Bellingham,"[57.3, 6.7]"
686,1132,England,Luke Shaw,"[56.9, 1.7]"
687,1133,England,Harry Kane,"[77.1, 11.6]"
688,1134,England,Philip Foden,"[86.0, 7.1]"
689,1135,England,Kyle Walker,"[88.4, 71.8]"
690,1136,England,Declan Rice,"[56.1, 52.5]"
691,1137,England,John Stones,"[48.9, 39.8]"
692,1138,England,Luke Shaw,"[36.6, 5.3]"
693,1139,England,Harry Maguire,"[23.1, 20.2]"
694,1140,England,Philip Foden,"[71.8, 2.2]"
695,1143,England,Luke Shaw,"[48.7, 3.4]"
696,1144,England,Harry Maguire,"[47.0, 3.6]"
697,1145,England,Luke Shaw,"[65.8, 2.7]"
698,1146,England,Philip Foden,"[89.4, 2.7]"
699,1147,England,Harry Kane,"[80.5, 4.3]"
700,1148,England,Bukayo Saka,"[96.1, 67.7]"
701,1149,England,Kyle Walker,"[75.9, 67.7]"
702,1150,England,John Stones,"[54.9, 39.5]"
703,1151,England,Jordan Brian Henderson,"[82.4, 74.7]"
704,1152,England,Jude Bellingham,"[96.1, 34.0]"
705,1153,England,Kyle Walker,"[73.5, 53.5]"
706,1154,England,Harry Maguire,"[67.2, 25.8]"
707,1155,England,Philip Foden,"[90.1, 3.9]"
708,1156,England,Harry Maguire,"[76.1, 8.2]"
709,1157,England,John Stones,"[64.3, 34.9]"
710,1158,England,Kyle Walker,"[63.8, 53.0]"
711,1159,England,John Stones,"[56.4, 39.0]"
712,1160,England,Declan Rice,"[67.2, 38.1]"
713,1161,England,Kyle Walker,"[58.1, 51.8]"
714,1162,England,Bukayo Saka,"[77.3, 74.0]"
715,1163,England,Kyle Walker,"[43.9, 67.9]"
716,1164,England,John Stones,"[37.8, 46.5]"
717,1165,England,Jordan Brian Henderson,"[61.2, 51.6]"
718,1166,England,Kyle Walker,"[47.0, 55.6]"
719,1167,England,Bukayo Saka,"[116.6, 66.7]"
720,1168,England,Luke Shaw,"[91.3, 5.8]"
721,1169,England,Jude Bellingham,"[90.6, 13.5]"
722,1170,England,Philip Foden,"[95.2, 11.6]"
723,1171,England,Jude Bellingham,"[93.2, 16.9]"
724,1174,England,Harry Kane,"[110.6, 11.3]"
725,1175,England,Bukayo Saka,"[108.2, 43.8]"
726,1176,England,Harry Kane,"[94.7, 54.0]"
727,1179,England,Harry Kane,"[84.6, 55.6]"
728,1180,England,Jordan Brian Henderson,"[93.2, 74.9]"
729,1181,England,Bukayo Saka,"[116.6, 55.9]"
730,1185,England,Declan Rice,"[41.9, 17.6]"
731,1186,England,John Stones,"[25.5, 27.9]"
732,1187,England,Jordan Pickford,"[7.5, 34.9]"
733,1188,England,Harry Kane,"[62.9, 9.9]"
734,1189,England,Philip Foden,"[80.5, 3.9]"
735,1191,England,Harry Kane,"[103.4, 10.6]"
736,1192,England,Philip Foden,"[106.5, 5.5]"
737,1193,England,Luke Shaw,"[96.4, 3.1]"
738,1194,England,Philip Foden,"[104.3, 3.1]"
739,1195,England,Harry Kane,"[100.5, 12.5]"
740,1198,England,Jordan Brian Henderson,"[68.9, 56.6]"
741,1200,England,John Stones,"[24.8, 73.0]"
742,1201,England,Jordan Pickford,"[8.4, 41.4]"
743,1202,England,Luke Shaw,"[54.9, 2.2]"
744,1203,England,Harry Maguire,"[44.3, 5.3]"
745,1204,England,John Stones,"[37.6, 32.5]"
746,1205,England,Kyle Walker,"[39.3, 54.0]"
747,1206,England,Harry Maguire,"[43.9, 7.5]"
748,1207,England,Luke Shaw,"[57.3, 1.4]"
749,1208,England,Declan Rice,"[57.3, 12.3]"
750,1209,England,Philip Foden,"[76.4, 8.4]"
751,1210,England,Luke Shaw,"[84.3, 2.2]"
752,1211,England,Harry Kane,"[92.0, 20.7]"
753,1215,England,John Stones,"[12.5, 24.3]"
754,1216,England,Declan Rice,"[18.4, 22.3]"
755,1217,England,John Stones,"[10.6, 48.9]"
756,1218,England,Declan Rice,"[29.6, 32.5]"
757,1219,England,John Stones,"[24.1, 48.4]"
758,1220,England,Kyle Walker,"[36.1, 65.8]"
759,1221,England,Bukayo Saka,"[56.4, 74.9]"
760,1222,England,Kyle Walker,"[52.3, 56.1]"
761,1224,England,Jordan Pickford,"[3.9, 38.1]"
762,1225,England,Jude Bellingham,"[37.6, 40.7]"
763,1226,England,Kyle Walker,"[13.7, 75.6]"
764,1227,England,John Stones,"[6.0, 61.9]"
765,1228,England,Jordan Brian Henderson,"[28.9, 46.5]"
766,1229,England,John Stones,"[14.7, 35.7]"
767,1230,England,Harry Maguire,"[24.6, 5.3]"
768,1231,England,John Stones,"[22.2, 47.5]"
769,1232,England,Kyle Walker,"[31.8, 63.8]"
770,1233,England,Jordan Pickford,"[15.4, 42.4]"
771,1234,England,Harry Maguire,"[32.1, 13.7]"
772,1235,England,John Stones,"[33.3, 37.6]"
773,1236,England,Kyle Walker,"[49.6, 71.1]"
774,1237,England,Harry Maguire,"[32.8, 21.7]"
775,1238,England,Jude Bellingham,"[56.4, 1.7]"
776,1239,England,Philip Foden,"[74.0, 2.4]"
777,1240,England,Jude Bellingham,"[52.8, 3.1]"
778,1241,England,John Stones,"[42.2, 27.9]"
779,1242,England,Kyle Walker,"[47.7, 49.1]"
780,1243,England,Philip Foden,"[92.5, 18.8]"
781,1249,England,Harry Kane,"[88.4, 62.9]"
782,1250,England,John Stones,"[113.5, 45.4]"
783,1266,England,Bukayo Saka,"[18.8, 62.2]"
784,1268,England,Jude Bellingham,"[54.2, 8.4]"
785,1270,England,John Stones,"[30.6, 58.8]"
786,1271,England,Harry Maguire,"[22.7, 22.6]"
787,1272,England,Luke Shaw,"[33.0, 3.4]"
788,1273,England,Jordan Pickford,"[4.3, 39.8]"
789,1274,England,John Stones,"[17.8, 63.1]"
790,1275,England,Harry Kane,"[62.9, 53.7]"
791,1281,England,Declan Rice,"[49.6, 3.1]"
792,1282,England,Jordan Brian Henderson,"[37.1, 21.7]"
793,1283,England,Kyle Walker,"[43.6, 54.7]"
794,1284,England,John Stones,"[34.2, 41.9]"
795,1285,England,Kyle Walker,"[41.9, 56.6]"
796,1286,England,John Stones,"[28.2, 47.0]"
797,1287,England,Harry Maguire,"[26.5, 12.8]"
798,1288,England,Jordan Pickford,"[9.4, 32.0]"
799,1289,England,Harry Maguire,"[28.2, 3.4]"
800,1290,England,Luke Shaw,"[54.7, 3.4]"
801,1291,England,Harry Maguire,"[37.6, 3.6]"
802,1292,England,Philip Foden,"[80.5, 3.9]"
803,1295,England,Luke Shaw,"[47.7, 3.4]"
804,1296,England,Jude Bellingham,"[48.9, 9.4]"
805,1297,England,Jordan Brian Henderson,"[51.1, 23.4]"
806,1298,England,John Stones,"[39.0, 44.6]"
807,1299,England,Harry Maguire,"[45.8, 5.3]"
808,1300,England,John Stones,"[37.1, 29.4]"
809,1301,England,Kyle Walker,"[38.6, 44.8]"
810,1302,England,Harry Maguire,"[44.3, 6.3]"
811,1303,England,John Stones,"[41.9, 32.5]"
812,1304,England,Kyle Walker,"[54.0, 71.1]"
813,1305,England,Jordan Brian Henderson,"[59.0, 55.6]"
814,1306,England,John Stones,"[40.2, 54.0]"
815,1307,England,Jordan Brian Henderson,"[47.7, 68.9]"
816,1308,England,Bukayo Saka,"[86.3, 69.1]"
817,1309,England,Declan Rice,"[75.2, 44.8]"
818,1310,England,Luke Shaw,"[79.3, 5.3]"
819,1311,England,Jude Bellingham,"[90.3, 3.6]"
820,1312,England,Declan Rice,"[71.3, 15.7]"
821,1313,England,John Stones,"[64.8, 34.7]"
822,1314,England,Declan Rice,"[67.0, 13.3]"
823,1315,England,Jude Bellingham,"[66.3, 2.2]"
824,1316,England,Bukayo Saka,"[76.4, 13.3]"
825,1317,England,Philip Foden,"[89.1, 12.5]"
826,1318,England,Bukayo Saka,"[82.4, 9.6]"
827,1319,England,Philip Foden,"[107.4, 20.7]"
828,1320,England,Harry Maguire,"[53.6, 8.0]"
829,1321,England,John Stones,"[51.6, 35.4]"
830,1322,England,Declan Rice,"[56.6, 27.0]"
831,1323,England,John Stones,"[50.4, 42.9]"
832,1324,England,Kyle Walker,"[39.8, 68.8]"
833,1325,England,Jordan Pickford,"[17.1, 32.2]"
834,1326,England,Harry Maguire,"[30.4, 11.5]"
835,1327,England,Jordan Pickford,"[23.2, 24.8]"
836,1328,England,John Stones,"[35.6, 46.2]"
837,1329,England,Harry Kane,"[69.3, 46.5]"
838,1331,England,Harry Maguire,"[37.1, 34.8]"
839,1332,England,Jordan Brian Henderson,"[73.6, 75.1]"
840,1333,England,Harry Kane,"[91.2, 70.5]"
841,1334,England,Kyle Walker,"[84.8, 75.7]"
842,1335,England,John Stones,"[57.4, 69.4]"
843,1336,England,Harry Maguire,"[51.4, 34.0]"
844,1337,England,Luke Shaw,"[69.8, 4.2]"
845,1338,England,Harry Maguire,"[46.1, 16.9]"
846,1339,England,John Stones,"[53.6, 44.2]"
847,1340,England,Jordan Brian Henderson,"[66.4, 49.1]"
848,1341,England,John Stones,"[50.8, 47.6]"
849,1342,England,Jordan Brian Henderson,"[55.7, 51.3]"
850,1343,England,John Stones,"[53.6, 41.3]"
851,1344,England,Harry Maguire,"[55.9, 11.7]"
852,1345,England,Luke Shaw,"[80.3, 4.2]"
853,1346,England,Philip Foden,"[87.5, 10.0]"
854,1347,England,Luke Shaw,"[80.6, 9.7]"
855,1348,England,Philip Foden,"[91.2, 6.9]"
856,1349,England,Jude Bellingham,"[83.4, 14.9]"
857,1350,England,Harry Maguire,"[61.1, 12.1]"
858,1351,England,Jude Bellingham,"[74.1, 5.4]"
859,1352,England,Harry Maguire,"[52.5, 8.9]"
860,1353,England,John Stones,"[47.6, 34.8]"
861,1354,England,Jordan Brian Henderson,"[53.6, 55.5]"
862,1355,England,John Stones,"[46.6, 40.1]"
863,1356,England,Kyle Walker,"[95.0, 73.9]"
864,1380,England,Harry Kane,"[85.8, 21.0]"
865,1387,England,Bukayo Saka,"[25.0, 77.2]"
866,1388,England,Kyle Walker,"[7.7, 65.6]"
867,1390,England,Harry Kane,"[36.6, 55.8]"
868,1391,England,Luke Shaw,"[48.9, 6.2]"
869,1392,England,Harry Maguire,"[34.5, 11.5]"
870,1393,England,John Stones,"[35.6, 36.7]"
871,1394,England,Harry Maguire,"[40.9, 20.5]"
872,1395,England,Philip Foden,"[62.5, 2.8]"
873,1396,England,Harry Maguire,"[37.2, 13.2]"
874,1397,England,Jordan Pickford,"[23.3, 31.2]"
875,1398,England,John Stones,"[27.6, 49.7]"
876,1399,England,Harry Maguire,"[37.7, 15.3]"
877,1400,England,Jude Bellingham,"[50.4, 3.7]"
878,1401,England,Harry Maguire,"[39.2, 10.3]"
879,1402,England,Philip Foden,"[81.3, 10.4]"
880,1403,England,Harry Kane,"[83.7, 3.9]"
881,1405,England,Bukayo Saka,"[98.4, 47.3]"
882,1419,England,Harry Maguire,"[32.8, 26.3]"
883,1420,England,John Stones,"[41.5, 45.9]"
884,1421,England,Jordan Brian Henderson,"[53.9, 52.3]"
885,1425,England,Bukayo Saka,"[17.7, 70.7]"
886,1426,England,Kyle Walker,"[11.6, 63.9]"
887,1427,England,Harry Kane,"[51.0, 58.3]"
888,1428,England,Jude Bellingham,"[64.7, 48.0]"
889,1429,England,Harry Kane,"[56.0, 56.5]"
890,1430,England,Luke Shaw,"[71.5, 13.7]"
891,1431,England,Philip Foden,"[86.3, 18.6]"
892,1432,England,Luke Shaw,"[89.5, 3.7]"
893,1433,England,Jude Bellingham,"[92.6, 11.1]"
894,1434,England,Philip Foden,"[94.1, 3.7]"
895,1435,England,Luke Shaw,"[84.8, 4.8]"
896,1436,England,Declan Rice,"[74.1, 11.7]"
897,1437,England,Harry Maguire,"[64.6, 27.6]"
898,1438,England,John Stones,"[60.3, 47.0]"
899,1439,England,Kyle Walker,"[65.2, 55.7]"
900,1440,England,Bukayo Saka,"[98.1, 63.9]"
901,1447,England,John Stones,"[23.2, 38.6]"
902,1448,England,Harry Maguire,"[35.6, 12.1]"
903,1449,England,Luke Shaw,"[45.1, 1.8]"
904,1450,England,Philip Foden,"[58.0, 3.1]"
905,1451,England,Harry Kane,"[68.3, 13.7]"
906,1452,England,Jude Bellingham,"[97.3, 18.9]"
907,1453,England,Jordan Brian Henderson,"[107.6, 38.0]"
908,1459,England,Bukayo Saka,"[97.9, 71.3]"
909,1460,England,Harry Kane,"[110.0, 39.3]"
910,1462,England,Jude Bellingham,"[63.7, 61.8]"
911,1463,England,Jordan Brian Henderson,"[65.5, 67.5]"
912,1464,England,Harry Kane,"[77.9, 56.1]"
913,1465,England,Bukayo Saka,"[93.3, 68.8]"
914,1466,England,Philip Foden,"[107.4, 43.5]"
915,1471,England,Jordan Pickford,"[12.9, 36.7]"
916,1472,England,Bukayo Saka,"[76.4, 66.1]"
917,1474,England,Harry Kane,"[73.6, 48.5]"
918,1476,England,Jude Bellingham,"[79.1, 26.0]"
919,1477,England,Luke Shaw,"[102.8, 22.4]"
920,1478,England,Bukayo Saka,"[95.3, 48.0]"
921,1479,England,John Stones,"[40.3, 73.9]"
922,1480,England,Kyle Walker,"[50.4, 76.2]"
923,1481,England,Jordan Pickford,"[14.5, 53.4]"
924,1482,England,John Stones,"[18.9, 57.8]"
925,1483,England,Declan Rice,"[35.1, 55.5]"
926,1484,England,Kyle Walker,"[34.9, 76.2]"
927,1485,England,Jordan Brian Henderson,"[50.4, 73.0]"
928,1486,England,Declan Rice,"[57.7, 73.4]"
929,1487,England,Philip Foden,"[97.9, 39.8]"
930,1488,England,Kyle Walker,"[52.5, 22.1]"
931,1489,England,Jude Bellingham,"[42.1, 46.2]"
932,1490,England,Jordan Pickford,"[19.8, 37.5]"
933,1491,England,Jordan Brian Henderson,"[70.4, 70.2]"
934,1492,England,Bukayo Saka,"[80.6, 64.1]"
935,1493,England,Jude Bellingham,"[68.0, 63.5]"
936,1494,England,Jordan Brian Henderson,"[80.6, 75.6]"
937,1495,England,Harry Kane,"[93.6, 69.1]"
938,1509,England,Bukayo Saka,"[28.4, 68.4]"
939,1514,England,Philip Foden,"[82.9, 28.3]"
940,1515,England,Harry Kane,"[93.2, 50.0]"
941,1516,England,Harry Maguire,"[46.5, 38.2]"
942,1517,England,Harry Kane,"[75.1, 76.4]"
943,1518,England,Declan Rice,"[64.4, 46.6]"
944,1519,England,Luke Shaw,"[67.6, 10.5]"
945,1520,England,Philip Foden,"[80.9, 6.1]"
946,1521,England,Harry Maguire,"[49.2, 17.7]"
947,1522,England,John Stones,"[45.0, 51.5]"
948,1523,England,Declan Rice,"[54.7, 45.5]"
949,1524,England,Kyle Walker,"[49.2, 70.9]"
950,1525,England,John Stones,"[25.9, 64.8]"
951,1526,England,Jordan Pickford,"[5.2, 38.3]"
952,1527,England,Philip Foden,"[64.4, 11.0]"
953,1528,England,Harry Kane,"[69.3, 28.8]"
954,1530,England,Luke Shaw,"[47.4, 10.2]"
955,1533,England,Harry Kane,"[54.6, 14.0]"
956,1534,England,Philip Foden,"[50.5, 8.5]"
957,1535,England,Harry Kane,"[60.9, 8.8]"
958,1540,England,Kyle Walker,"[54.6, 63.2]"
959,1541,England,Jordan Brian Henderson,"[63.5, 75.3]"
960,1542,England,Bukayo Saka,"[80.1, 76.2]"
961,1543,England,Kyle Walker,"[51.8, 76.4]"
962,1544,England,Declan Rice,"[53.8, 71.5]"
963,1545,England,John Stones,"[38.4, 44.7]"
964,1546,England,Harry Maguire,"[32.7, 17.1]"
965,1547,England,Declan Rice,"[44.8, 27.2]"
966,1548,England,John Stones,"[34.9, 47.9]"
967,1549,England,Jude Bellingham,"[58.7, 26.7]"
968,1550,England,Harry Maguire,"[35.5, 18.8]"
969,1551,England,Bukayo Saka,"[94.6, 55.3]"
970,1552,England,Jordan Brian Henderson,"[106.7, 59.3]"
971,1554,England,Luke Shaw,"[75.7, 24.6]"
972,1555,England,Harry Maguire,"[47.6, 21.2]"
973,1556,England,Jude Bellingham,"[113.7, 4.5]"
974,1561,England,Harry Maguire,"[45.4, 41.5]"
975,1562,England,Kyle Walker,"[45.4, 67.5]"
976,1563,England,John Stones,"[40.2, 69.5]"
977,1564,England,Kyle Walker,"[45.0, 75.8]"
978,1565,England,John Stones,"[39.2, 65.8]"
979,1566,England,Declan Rice,"[48.6, 53.6]"
980,1567,England,Luke Shaw,"[50.0, 13.0]"
981,1568,England,Jude Bellingham,"[62.4, 22.9]"
982,1569,England,Jude Bellingham,"[81.8, 29.3]"
983,1575,England,Declan Rice,"[23.7, 34.8]"
984,1576,England,Harry Maguire,"[10.1, 25.0]"
985,1577,England,Luke Shaw,"[41.0, 4.5]"
986,1578,England,Harry Maguire,"[15.9, 12.0]"
987,1579,England,Jordan Pickford,"[6.2, 37.1]"
988,1580,England,John Stones,"[21.1, 53.1]"
989,1581,England,Kyle Walker,"[76.4, 77.4]"
990,1582,England,Jordan Brian Henderson,"[82.4, 71.2]"
991,1583,England,Declan Rice,"[75.1, 70.1]"
992,1584,England,Harry Kane,"[90.7, 63.2]"
993,1585,England,Bukayo Saka,"[100.0, 66.7]"
994,1588,England,Luke Shaw,"[76.1, 39.2]"
995,1589,England,John Stones,"[50.5, 54.1]"
996,1590,England,Jordan Pickford,"[20.1, 42.4]"
997,1591,England,John Stones,"[27.2, 62.0]"
998,1592,England,Declan Rice,"[39.2, 62.3]"
999,1593,England,Harry Maguire,"[34.9, 49.6]"
1000,1594,England,Luke Shaw,"[61.8, 8.8]"
1001,1595,England,Harry Kane,"[79.8, 15.1]"
1002,1596,England,Jude Bellingham,"[96.9, 4.1]"
1003,1597,England,Jude Bellingham,"[100.0, 11.0]"
1004,1598,England,Luke Shaw,"[99.7, 5.5]"
1005,1599,England,Philip Foden,"[107.2, 4.4]"
1006,1600,England,Harry Kane,"[98.0, 10.7]"
1007,1601,England,Luke Shaw,"[104.0, 20.4]"
1008,1602,England,Jordan Brian Henderson,"[98.9, 26.7]"
1009,1603,England,Declan Rice,"[82.3, 34.2]"
1010,1604,England,Kyle Walker,"[71.9, 63.5]"
1011,1605,England,Bukayo Saka,"[95.7, 74.2]"
1012,1606,England,Kyle Walker,"[88.1, 74.2]"
1013,1607,England,Jordan Brian Henderson,"[101.4, 76.2]"
1014,1608,England,Bukayo Saka,"[90.7, 68.6]"
1015,1609,England,Harry Maguire,"[75.1, 36.2]"
1016,1610,England,Luke Shaw,"[94.0, 6.7]"
1017,1611,England,Philip Foden,"[90.8, 14.9]"
1018,1612,England,Luke Shaw,"[88.1, 10.7]"
1019,1613,England,Harry Maguire,"[72.5, 17.8]"
1020,1614,England,John Stones,"[45.0, 40.9]"
1021,1615,England,Jordan Pickford,"[14.1, 40.9]"
1022,1616,England,Harry Kane,"[74.8, 15.7]"
1023,1617,England,Philip Foden,"[74.6, 19.2]"
1024,1618,England,Harry Kane,"[98.9, 25.6]"
1025,1621,England,Philip Foden,"[84.1, 26.6]"
1026,1628,England,Bukayo Saka,"[96.2, 48.9]"
1027,1635,England,Harry Kane,"[80.9, 53.6]"
1028,1637,England,Luke Shaw,"[64.2, 16.0]"
1029,1638,England,Harry Kane,"[75.1, 25.5]"
1030,1639,England,Bukayo Saka,"[100.0, 68.7]"
1031,1640,England,Jordan Brian Henderson,"[114.5, 73.2]"
1032,1641,England,John Stones,"[52.5, 60.2]"
1033,1642,England,Harry Maguire,"[59.0, 24.6]"
1034,1643,England,Luke Shaw,"[86.2, 6.1]"
1035,1644,England,Harry Kane,"[86.7, 13.0]"
1036,1657,England,Philip Foden,"[57.5, 23.6]"
1037,1658,England,Luke Shaw,"[48.3, 18.9]"
1038,1659,England,Harry Kane,"[67.1, 14.5]"
1039,1660,England,Bukayo Saka,"[111.0, 35.9]"
1040,1664,England,Declan Rice,"[80.3, 74.1]"
1041,1665,England,Jordan Brian Henderson,"[83.0, 77.4]"
1042,1666,England,Kyle Walker,"[66.4, 72.1]"
1043,1667,England,Declan Rice,"[72.5, 68.0]"
1044,1668,England,John Stones,"[52.5, 56.8]"
1045,1669,England,Harry Maguire,"[36.7, 31.0]"
1046,1670,England,Philip Foden,"[53.8, 5.5]"
1047,1671,England,Harry Maguire,"[14.4, 8.4]"
1048,1672,England,Jordan Pickford,"[6.0, 38.9]"
1049,1673,England,John Stones,"[21.1, 56.3]"
1050,1674,England,Declan Rice,"[27.1, 44.4]"
1051,1675,England,Harry Kane,"[47.1, 43.7]"
1052,1676,England,Jordan Brian Henderson,"[88.7, 74.7]"
1053,1677,England,Kyle Walker,"[103.5, 72.1]"
1054,1687,England,Philip Foden,"[80.3, 10.7]"
1055,1689,England,Harry Kane,"[57.5, 27.6]"
1056,1690,England,Philip Foden,"[81.8, 24.0]"
1057,1691,England,Harry Kane,"[84.5, 59.6]"
1058,1697,England,Jordan Brian Henderson,"[65.9, 51.5]"
1059,1698,England,Kyle Walker,"[52.6, 62.6]"
1060,1699,England,John Stones,"[33.8, 58.5]"
1061,1700,England,Jordan Pickford,"[10.4, 38.2]"
1062,1701,England,Philip Foden,"[63.1, 11.3]"
1063,1707,England,Jordan Brian Henderson,"[43.1, 71.2]"
1064,1708,England,Jude Bellingham,"[67.6, 65.7]"
1065,1709,England,Kyle Walker,"[47.4, 70.1]"
1066,1710,England,Declan Rice,"[47.6, 65.7]"
1067,1711,England,John Stones,"[41.0, 48.9]"
1068,1712,England,Kyle Walker,"[47.1, 64.8]"
1069,1713,England,Jordan Brian Henderson,"[56.6, 74.8]"
1070,1714,England,Kyle Walker,"[36.6, 73.2]"
1071,1715,England,John Stones,"[26.5, 43.7]"
1072,1716,England,Harry Maguire,"[34.9, 17.7]"
1073,1717,England,Philip Foden,"[59.2, 17.7]"
1074,1718,England,Jude Bellingham,"[62.7, 28.8]"
1075,1719,England,Luke Shaw,"[68.5, 4.5]"
1076,1720,England,Jude Bellingham,"[60.9, 19.8]"
1077,1721,England,Harry Maguire,"[45.0, 13.0]"
1078,1722,England,John Stones,"[46.5, 51.6]"
1079,1723,England,Bukayo Saka,"[76.1, 75.3]"
1080,1724,England,Jordan Brian Henderson,"[78.7, 60.5]"
1081,1725,England,Kyle Walker,"[77.5, 52.1]"
1082,1730,England,Jordan Pickford,"[9.5, 35.9]"
1083,1731,England,Luke Shaw,"[43.3, 7.3]"
1084,1732,England,Jude Bellingham,"[51.8, 18.8]"
1085,1733,England,Harry Maguire,"[29.2, 12.8]"
1086,1734,England,John Stones,"[27.2, 58.2]"
1087,1735,England,Jordan Brian Henderson,"[48.3, 59.6]"
1088,1736,England,John Stones,"[34.9, 60.5]"
1089,1737,England,Jordan Brian Henderson,"[44.8, 68.4]"
1090,1738,England,John Stones,"[35.5, 52.1]"
1091,1739,England,Jordan Brian Henderson,"[37.0, 71.2]"
1092,1740,England,Jordan Pickford,"[18.8, 48.7]"
1093,1741,England,Kyle Walker,"[43.3, 73.2]"
1094,1742,England,John Stones,"[32.3, 63.7]"
1095,1743,England,Declan Rice,"[39.8, 62.6]"
1096,1744,England,Kyle Walker,"[39.8, 76.2]"
1097,1745,England,Marcus Rashford,"[52.5, 68.0]"
1098,1746,England,Declan Rice,"[46.5, 64.8]"
1099,1747,England,Marcus Rashford,"[61.3, 72.9]"
1100,1748,England,Jordan Brian Henderson,"[62.4, 64.6]"
1101,1749,England,Declan Rice,"[51.8, 44.7]"
1102,1750,England,Harry Maguire,"[45.3, 25.3]"
1103,1751,England,Marcus Rashford,"[61.8, 69.0]"
1104,1752,England,Kyle Walker,"[47.4, 62.0]"
1105,1753,England,John Stones,"[45.9, 48.9]"
1106,1754,England,Jordan Brian Henderson,"[61.3, 52.5]"
1107,1755,England,Kyle Walker,"[47.1, 62.5]"
1108,1756,England,John Stones,"[41.6, 50.4]"
1109,1757,England,Harry Maguire,"[35.6, 28.4]"
1110,1758,England,Jordan Pickford,"[12.7, 27.8]"
1111,1764,England,Harry Kane,"[79.2, 20.0]"
1112,1775,England,John Stones,"[19.6, 62.6]"
1113,1776,England,Jordan Brian Henderson,"[33.2, 65.7]"
1114,1777,England,John Stones,"[20.5, 68.4]"
1115,1778,England,Declan Rice,"[33.4, 58.8]"
1116,1779,England,Jordan Pickford,"[10.6, 47.9]"
1117,1780,England,Harry Maguire,"[19.0, 24.3]"
1118,1781,England,John Stones,"[15.9, 53.1]"
1119,1782,England,Kyle Walker,"[31.5, 74.8]"
1120,1783,England,John Stones,"[17.9, 57.0]"
1121,1784,England,Jordan Brian Henderson,"[58.6, 69.0]"
1122,1785,England,Marcus Rashford,"[71.2, 76.4]"
1123,1786,England,Jordan Brian Henderson,"[90.8, 74.7]"
1124,1803,England,Declan Rice,"[20.1, 22.3]"
1125,1804,England,Marcus Rashford,"[92.4, 73.4]"
1126,1806,England,John Stones,"[12.9, 76.7]"
1127,1807,England,Marcus Rashford,"[56.7, 74.8]"
1128,1811,England,Marcus Rashford,"[86.1, 77.7]"
1129,1812,England,John Stones,"[56.3, 77.7]"
1130,1813,England,Harry Maguire,"[48.3, 51.2]"
1131,1814,England,Luke Shaw,"[45.9, 31.0]"
1132,1815,England,Jack Grealish,"[57.2, 6.4]"
1133,1816,England,Marcus Rashford,"[76.0, 75.3]"
1134,1817,England,Kyle Walker,"[63.0, 74.6]"
1135,1818,England,Declan Rice,"[55.8, 67.6]"
1136,1819,England,Kyle Walker,"[57.0, 76.5]"
1137,1820,England,John Stones,"[22.8, 56.5]"
1138,1821,England,Jordan Pickford,"[11.0, 44.7]"
1139,1822,England,Luke Shaw,"[48.8, 6.1]"
1140,1823,England,Harry Kane,"[69.3, 14.8]"
1141,1824,England,Luke Shaw,"[51.2, 13.4]"
1142,1825,England,Jack Grealish,"[72.2, 5.4]"
1143,1826,England,Harry Maguire,"[115.5, 58.4]"
1144,1829,England,Jordan Pickford,"[28.1, 66.6]"
1145,1830,England,Marcus Rashford,"[107.6, 76.2]"
1146,1835,England,Jordan Brian Henderson,"[29.8, 55.3]"
1147,1836,England,Marcus Rashford,"[39.1, 65.2]"
1148,1837,England,Declan Rice,"[47.6, 55.5]"
1149,1847,England,Declan Rice,"[49.7, 53.6]"
1150,1848,England,Jack Grealish,"[59.4, 37.5]"
1151,1849,England,Kyle Walker,"[49.7, 74.8]"
1152,1850,England,Jordan Brian Henderson,"[51.9, 67.8]"
1153,1851,England,Marcus Rashford,"[102.0, 69.7]"
1154,1852,England,Harry Kane,"[109.0, 42.0]"
1155,1855,England,Jordan Brian Henderson,"[74.8, 26.6]"
1156,1856,England,Declan Rice,"[71.2, 20.1]"
1157,1857,England,Jack Grealish,"[88.0, 4.9]"
1158,1858,England,Luke Shaw,"[75.8, 8.1]"
1159,1859,England,Declan Rice,"[69.0, 11.4]"
1160,1860,England,Harry Maguire,"[52.6, 21.6]"
1161,1861,England,Kyle Walker,"[62.8, 53.6]"
1162,1862,England,Jordan Brian Henderson,"[61.8, 49.3]"
1163,1863,England,Kyle Walker,"[62.3, 59.6]"
1164,1864,England,Eric Dier,"[46.6, 59.6]"
1165,1865,England,Declan Rice,"[53.8, 45.6]"
1166,1866,England,Jordan Brian Henderson,"[57.2, 54.6]"
1167,1867,England,Eric Dier,"[41.8, 51.2]"
1168,1868,England,Harry Maguire,"[43.7, 30.5]"
1169,1869,England,Eric Dier,"[39.9, 55.3]"
1170,1872,England,Kyle Walker,"[57.0, 74.3]"
1171,1873,England,Declan Rice,"[57.7, 63.5]"
1172,1874,England,Luke Shaw,"[68.8, 25.4]"
1173,1875,England,Jack Grealish,"[81.5, 4.0]"
1174,1876,England,Luke Shaw,"[79.9, 15.3]"
1175,1877,England,Jack Grealish,"[91.4, 5.4]"
1176,1878,England,Harry Maguire,"[51.2, 10.5]"
1177,1879,England,Eric Dier,"[47.6, 38.7]"
1178,1880,England,Kyle Walker,"[52.2, 74.8]"
1179,1881,England,Eric Dier,"[31.0, 72.6]"
1180,1882,England,Jordan Pickford,"[11.0, 36.5]"
1181,1883,England,Jack Grealish,"[88.3, 7.8]"
1182,1893,England,Marcus Rashford,"[74.5, 78.6]"
1183,1894,England,Mason Mount,"[72.9, 67.6]"
1184,1895,England,Marcus Rashford,"[79.4, 72.6]"
1185,1896,England,Harry Kane,"[86.1, 65.2]"
1186,1915,England,Marcus Rashford,"[95.3, 73.4]"
1187,1916,England,Mason Mount,"[100.3, 63.7]"
1188,1919,England,Jack Grealish,"[86.8, 9.0]"
1189,1931,England,Harry Kane,"[97.4, 58.2]"
1190,1940,England,Declan Rice,"[33.1, 9.0]"
1191,1941,England,Jack Grealish,"[37.9, 44.2]"
1192,1942,England,Eric Dier,"[22.8, 52.4]"
1193,1943,England,Kyle Walker,"[30.5, 64.4]"
1194,1944,England,Harry Kane,"[48.1, 76.7]"
1195,1945,England,Kyle Walker,"[35.1, 73.4]"
1196,1946,England,Eric Dier,"[13.9, 65.4]"
1197,1947,England,Jordan Pickford,"[9.8, 37.7]"
1198,1948,England,Declan Rice,"[22.8, 35.5]"
1199,1949,England,Eric Dier,"[10.7, 58.7]"
1200,1950,England,Declan Rice,"[17.7, 52.2]"
1201,1951,England,Kyle Walker,"[33.8, 74.8]"
1202,1952,England,Declan Rice,"[53.4, 77.7]"
1203,1956,England,Eric Dier,"[40.8, 60.3]"
1204,1957,England,Kalvin Phillips,"[50.0, 60.3]"
1205,1958,England,Kyle Walker,"[38.7, 77.9]"
1206,1959,England,Kalvin Phillips,"[37.2, 71.7]"
1207,1960,England,Kyle Walker,"[57.7, 77.4]"
1208,1975,England,Harry Kane,"[82.0, 70.9]"
1209,1976,England,Kyle Walker,"[46.1, 77.0]"
1210,1977,England,Eric Dier,"[18.9, 71.7]"
1211,1978,England,Jordan Pickford,"[11.0, 48.8]"
1212,1979,England,Marcus Rashford,"[68.1, 72.9]"
1213,1980,England,Kyle Walker,"[51.0, 73.4]"
1214,1981,England,Declan Rice,"[35.5, 69.3]"
1215,1982,England,Kyle Walker,"[35.5, 77.4]"
1216,1983,England,Eric Dier,"[11.7, 77.0]"
1217,1984,England,Harry Kane,"[74.8, 54.8]"
1218,1985,England,Kalvin Phillips,"[73.1, 56.7]"
1219,1986,England,Jack Grealish,"[92.4, 25.9]"
1220,1987,England,Luke Shaw,"[115.5, 22.5]"
1221,1988,England,Marcus Rashford,"[117.8, 45.9]"
1222,1998,England,Jack Grealish,"[29.0, 33.4]"
1223,2016,England,Declan Rice,"[18.6, 19.8]"
1224,2017,England,Jordan Pickford,"[2.9, 32.8]"
1225,2024,England,Declan Rice,"[46.7, 18.6]"
1226,2025,England,Jude Bellingham,"[74.0, 3.1]"
1227,2026,England,John Stones,"[32.1, 41.7]"
1228,2027,England,Jordan Pickford,"[14.9, 27.7]"
1229,2028,England,John Stones,"[21.7, 52.5]"
1230,2029,England,Kyle Walker,"[36.9, 73.0]"
1231,2030,England,Harry Maguire,"[21.7, 12.8]"
1232,2031,England,Luke Shaw,"[42.6, 3.4]"
1233,2032,England,Philip Foden,"[63.1, 2.7]"
1234,2033,England,Harry Maguire,"[29.2, 9.4]"
1235,2034,England,Jude Bellingham,"[39.3, 3.6]"
1236,2035,England,Harry Maguire,"[25.1, 16.6]"
1237,2036,England,Jude Bellingham,"[38.8, 3.4]"
1238,2037,England,Luke Shaw,"[54.7, 2.2]"
1239,2045,England,Jordan Brian Henderson,"[84.6, 14.7]"
1240,2046,England,Harry Kane,"[97.6, 12.8]"
1241,2047,England,Jordan Brian Henderson,"[99.0, 24.8]"
1242,2050,England,Jordan Pickford,"[8.4, 51.1]"
1243,2051,England,John Stones,"[19.5, 50.8]"
1244,2052,England,Harry Maguire,"[31.1, 10.4]"
1245,2053,England,Luke Shaw,"[53.7, 2.4]"
1246,2054,England,Philip Foden,"[67.2, 2.4]"
1247,2058,England,Kyle Walker,"[32.8, 72.8]"
1248,2059,England,Bukayo Saka,"[50.4, 74.0]"
1249,2060,England,Harry Maguire,"[38.6, 3.9]"
1250,2061,England,Philip Foden,"[75.9, 4.8]"
1251,2062,England,Luke Shaw,"[73.0, 1.7]"
1252,2063,England,Jordan Pickford,"[17.8, 5.8]"
1253,2064,England,John Stones,"[31.6, 31.6]"
1254,2065,England,Kyle Walker,"[36.1, 54.7]"
1255,2066,England,Bukayo Saka,"[55.2, 71.8]"
1256,2067,England,Jordan Brian Henderson,"[46.3, 57.6]"
1257,2068,England,Bukayo Saka,"[42.2, 70.1]"
1258,2069,England,John Stones,"[14.7, 56.9]"
1259,2070,England,Harry Maguire,"[28.2, 6.5]"
1260,2071,England,Jude Bellingham,"[47.7, 10.6]"
1261,2072,England,Luke Shaw,"[50.1, 4.3]"
1262,2073,England,Declan Rice,"[53.7, 10.4]"
1263,2074,England,Harry Maguire,"[32.1, 8.4]"
1264,2075,England,Jordan Pickford,"[14.5, 38.5]"
1265,2076,England,John Stones,"[22.9, 51.6]"
1266,2077,England,Declan Rice,"[34.2, 48.7]"
1267,2078,England,Kyle Walker,"[31.1, 73.7]"
1268,2079,England,John Stones,"[4.3, 70.1]"
1269,2080,England,Jordan Brian Henderson,"[40.2, 66.7]"
1270,2082,England,Philip Foden,"[66.7, 34.7]"
1271,2084,England,Jude Bellingham,"[78.3, 23.6]"
1272,2085,England,Kyle Walker,"[81.2, 50.6]"
1273,2086,England,Declan Rice,"[114.7, 20.5]"
1274,2087,England,Philip Foden,"[97.1, 27.0]"
1275,2088,England,Harry Kane,"[101.4, 33.7]"
1276,2092,England,Jordan Pickford,"[13.0, 28.9]"
1277,2093,England,John Stones,"[14.9, 46.0]"
1278,2094,England,Harry Maguire,"[33.7, 5.3]"
1279,2095,England,Jude Bellingham,"[57.3, 6.7]"
1280,2096,England,Luke Shaw,"[56.9, 1.7]"
1281,2097,England,Jude Bellingham,"[82.3, 5.5]"
1282,2098,England,Bukayo Saka,"[106.5, 73.0]"
1283,2099,England,Kyle Walker,"[88.4, 71.8]"
1284,2100,England,Declan Rice,"[56.1, 52.5]"
1285,2101,England,John Stones,"[48.9, 39.8]"
1286,2102,England,Luke Shaw,"[36.6, 5.3]"
1287,2103,England,Harry Maguire,"[23.1, 20.2]"
1288,2105,England,Jude Bellingham,"[56.9, 9.6]"
1289,2106,England,Luke Shaw,"[48.7, 3.4]"
1290,2107,England,Harry Maguire,"[47.0, 3.6]"
1291,2108,England,Luke Shaw,"[65.8, 2.7]"
1292,2109,England,Philip Foden,"[89.4, 2.7]"
1293,2110,England,Harry Kane,"[80.5, 4.3]"
1294,2111,England,Bukayo Saka,"[96.1, 67.7]"
1295,2112,England,Kyle Walker,"[75.9, 67.7]"
1296,2113,England,John Stones,"[54.9, 39.5]"
1297,2114,England,Jordan Brian Henderson,"[82.4, 74.7]"
1298,2115,England,Jude Bellingham,"[95.6, 27.9]"
1299,2116,England,Kyle Walker,"[73.5, 53.5]"
1300,2117,England,Harry Maguire,"[67.2, 25.8]"
1301,2118,England,Philip Foden,"[90.1, 3.9]"
1302,2119,England,Harry Maguire,"[76.1, 8.2]"
1303,2120,England,John Stones,"[64.3, 34.9]"
1304,2121,England,Kyle Walker,"[63.8, 53.0]"
1305,2122,England,John Stones,"[56.4, 39.0]"
1306,2123,England,Declan Rice,"[67.2, 38.1]"
1307,2124,England,Kyle Walker,"[58.1, 51.8]"
1308,2125,England,Bukayo Saka,"[77.3, 74.0]"
1309,2126,England,Kyle Walker,"[43.9, 67.9]"
1310,2127,England,John Stones,"[37.8, 46.5]"
1311,2128,England,Jordan Brian Henderson,"[61.2, 51.6]"
1312,2129,England,Kyle Walker,"[47.0, 55.6]"
1313,2130,England,Bukayo Saka,"[116.6, 66.7]"
1314,2131,England,Luke Shaw,"[91.3, 5.8]"
1315,2132,England,Jude Bellingham,"[90.6, 13.5]"
1316,2133,England,Philip Foden,"[95.2, 11.6]"
1317,2134,England,Jude Bellingham,"[93.2, 14.7]"
1318,2137,England,Harry Maguire,"[62.4, 3.9]"
1319,2138,England,Harry Kane,"[110.6, 11.3]"
1320,2139,England,Harry Kane,"[94.7, 54.0]"
1321,2143,England,Bukayo Saka,"[78.3, 66.2]"
1322,2144,England,Harry Kane,"[84.6, 55.6]"
1323,2145,England,Harry Kane,"[82.9, 60.9]"
1324,2146,England,Harry Kane,"[84.6, 63.8]"
1325,2147,England,Jordan Brian Henderson,"[93.2, 74.9]"
1326,2149,England,Harry Maguire,"[32.1, 11.6]"
1327,2150,England,Declan Rice,"[41.9, 17.6]"
1328,2151,England,John Stones,"[25.5, 27.9]"
1329,2152,England,Jordan Pickford,"[7.5, 34.9]"
1330,2155,England,Harry Kane,"[103.4, 10.6]"
1331,2156,England,Philip Foden,"[106.5, 5.5]"
1332,2157,England,Luke Shaw,"[96.4, 3.1]"
1333,2158,England,Philip Foden,"[104.3, 3.1]"
1334,2159,England,Harry Kane,"[100.5, 12.5]"
1335,2161,England,Jordan Brian Henderson,"[68.9, 56.6]"
1336,2163,England,Jordan Brian Henderson,"[65.3, 73.8]"
1337,2164,England,John Stones,"[24.8, 73.0]"
1338,2165,England,Jordan Pickford,"[8.4, 41.4]"
1339,2166,England,Luke Shaw,"[54.9, 2.2]"
1340,2167,England,Harry Maguire,"[44.3, 5.3]"
1341,2168,England,John Stones,"[37.6, 32.5]"
1342,2169,England,Kyle Walker,"[39.3, 54.0]"
1343,2170,England,Harry Maguire,"[43.9, 7.5]"
1344,2171,England,Luke Shaw,"[57.3, 1.4]"
1345,2172,England,Declan Rice,"[57.3, 12.3]"
1346,2173,England,Philip Foden,"[76.4, 8.4]"
1347,2174,England,Luke Shaw,"[84.3, 2.2]"
1348,2175,England,Harry Kane,"[92.0, 20.7]"
1349,2179,England,Declan Rice,"[20.0, 14.7]"
1350,2180,England,John Stones,"[12.5, 24.3]"
1351,2181,England,Declan Rice,"[29.6, 32.5]"
1352,2182,England,John Stones,"[24.1, 48.4]"
1353,2183,England,Kyle Walker,"[36.1, 65.8]"
1354,2184,England,Bukayo Saka,"[56.4, 74.9]"
1355,2185,England,Kyle Walker,"[52.3, 56.1]"
1356,2188,England,Declan Rice,"[31.6, 56.6]"
1357,2189,England,Jordan Pickford,"[3.9, 38.1]"
1358,2190,England,Jude Bellingham,"[37.6, 40.7]"
1359,2191,England,Kyle Walker,"[13.7, 75.6]"
1360,2192,England,John Stones,"[6.0, 61.9]"
1361,2193,England,Jordan Brian Henderson,"[28.9, 46.5]"
1362,2194,England,John Stones,"[14.7, 35.7]"
1363,2195,England,Harry Maguire,"[24.6, 5.3]"
1364,2196,England,John Stones,"[22.2, 47.5]"
1365,2197,England,Kyle Walker,"[31.8, 63.8]"
1366,2198,England,Jordan Pickford,"[15.4, 42.4]"
1367,2199,England,Harry Maguire,"[32.1, 13.7]"
1368,2200,England,John Stones,"[33.3, 37.6]"
1369,2201,England,Kyle Walker,"[49.6, 71.1]"
1370,2202,England,Harry Maguire,"[32.8, 21.7]"
1371,2203,England,Jude Bellingham,"[56.4, 1.7]"
1372,2204,England,Philip Foden,"[74.0, 2.4]"
1373,2205,England,Jude Bellingham,"[52.8, 3.1]"
1374,2206,England,John Stones,"[42.2, 27.9]"
1375,2207,England,Kyle Walker,"[47.7, 49.1]"
1376,2208,England,Philip Foden,"[92.5, 18.8]"
1377,2213,England,Kyle Walker,"[51.3, 72.3]"
1378,2214,England,John Stones,"[113.5, 45.4]"
1379,2221,England,Declan Rice,"[8.0, 55.9]"
1380,2222,England,Bukayo Saka,"[18.8, 62.2]"
1381,2223,England,Kyle Walker,"[2.4, 59.5]"
1382,2226,England,Harry Maguire,"[22.7, 22.6]"
1383,2227,England,Luke Shaw,"[33.0, 3.4]"
1384,2228,England,Jordan Pickford,"[4.3, 39.8]"
1385,2229,England,John Stones,"[17.8, 63.1]"
1386,2232,England,Kyle Walker,"[43.6, 54.7]"
1387,2233,England,John Stones,"[34.2, 41.9]"
1388,2234,England,Kyle Walker,"[41.9, 56.6]"
1389,2235,England,John Stones,"[28.2, 47.0]"
1390,2236,England,Harry Maguire,"[26.5, 12.8]"
1391,2237,England,Jordan Pickford,"[9.4, 32.0]"
1392,2238,England,Harry Maguire,"[28.2, 3.4]"
1393,2239,England,Luke Shaw,"[54.7, 3.4]"
1394,2240,England,Harry Maguire,"[37.6, 3.6]"
1395,2242,England,Harry Maguire,"[39.8, 18.8]"
1396,2243,England,Luke Shaw,"[47.7, 3.4]"
1397,2244,England,Jude Bellingham,"[48.9, 9.4]"
1398,2245,England,Jordan Brian Henderson,"[51.1, 23.4]"
1399,2246,England,John Stones,"[39.0, 44.6]"
1400,2247,England,Harry Maguire,"[45.8, 5.3]"
1401,2248,England,John Stones,"[37.1, 29.4]"
1402,2249,England,Kyle Walker,"[38.6, 44.8]"
1403,2250,England,Harry Maguire,"[44.3, 6.3]"
1404,2251,England,John Stones,"[41.9, 32.5]"
1405,2252,England,Kyle Walker,"[54.0, 71.1]"
1406,2253,England,Jordan Brian Henderson,"[59.0, 55.6]"
1407,2254,England,John Stones,"[40.2, 54.0]"
1408,2255,England,Jordan Brian Henderson,"[47.7, 68.9]"
1409,2256,England,Bukayo Saka,"[86.3, 69.1]"
1410,2257,England,Declan Rice,"[75.2, 44.8]"
1411,2258,England,Luke Shaw,"[79.3, 5.3]"
1412,2259,England,Jude Bellingham,"[90.3, 3.6]"
1413,2260,England,Declan Rice,"[71.3, 15.7]"
1414,2261,England,John Stones,"[64.8, 34.7]"
1415,2262,England,Declan Rice,"[67.0, 13.3]"
1416,2263,England,Jude Bellingham,"[66.3, 2.2]"
1417,2264,England,Bukayo Saka,"[76.4, 13.3]"
1418,2265,England,Philip Foden,"[89.1, 12.5]"
1419,2266,England,Bukayo Saka,"[82.4, 9.6]"
1420,2267,England,John Stones,"[51.6, 35.4]"
1421,2268,England,Declan Rice,"[56.6, 27.0]"
1422,2269,England,John Stones,"[50.4, 42.9]"
1423,2270,England,Kyle Walker,"[39.8, 68.8]"
1424,2271,England,Jordan Pickford,"[17.1, 32.2]"
1425,2272,England,Harry Maguire,"[30.4, 11.5]"
1426,2273,England,Jordan Pickford,"[23.2, 24.8]"
1427,2274,England,John Stones,"[35.6, 46.2]"
1428,2276,England,Harry Maguire,"[37.1, 34.8]"
1429,2277,England,Harry Kane,"[91.2, 70.5]"
1430,2278,England,Kyle Walker,"[84.8, 75.7]"
1431,2279,England,John Stones,"[57.4, 69.4]"
1432,2280,England,Harry Maguire,"[51.4, 34.0]"
1433,2281,England,Luke Shaw,"[69.8, 4.2]"
1434,2282,England,Harry Maguire,"[46.1, 16.9]"
1435,2283,England,John Stones,"[53.6, 44.2]"
1436,2284,England,Jordan Brian Henderson,"[66.4, 49.1]"
1437,2285,England,John Stones,"[50.8, 47.6]"
1438,2286,England,Jordan Brian Henderson,"[55.7, 51.3]"
1439,2287,England,John Stones,"[53.6, 41.3]"
1440,2288,England,Harry Maguire,"[55.9, 11.7]"
1441,2289,England,Luke Shaw,"[80.3, 4.2]"
1442,2290,England,Philip Foden,"[87.5, 10.0]"
1443,2291,England,Luke Shaw,"[80.6, 9.7]"
1444,2292,England,Philip Foden,"[91.2, 6.9]"
1445,2293,England,Jude Bellingham,"[83.4, 14.9]"
1446,2294,England,Harry Maguire,"[61.1, 12.1]"
1447,2295,England,Jude Bellingham,"[74.1, 5.4]"
1448,2296,England,Harry Maguire,"[52.5, 8.9]"
1449,2297,England,John Stones,"[47.6, 34.8]"
1450,2298,England,Jordan Brian Henderson,"[53.6, 55.5]"
1451,2299,England,John Stones,"[46.6, 40.1]"
1452,2321,England,Bukayo Saka,"[25.0, 77.2]"
1453,2323,England,Bukayo Saka,"[1.2, 58.3]"
1454,2324,England,Harry Kane,"[36.6, 55.8]"
1455,2325,England,John Stones,"[35.6, 36.7]"
1456,2326,England,Harry Maguire,"[40.9, 20.5]"
1457,2327,England,Philip Foden,"[62.5, 2.8]"
1458,2328,England,Harry Maguire,"[37.2, 13.2]"
1459,2329,England,Jordan Pickford,"[23.3, 31.2]"
1460,2330,England,John Stones,"[27.6, 49.7]"
1461,2331,England,Harry Maguire,"[37.7, 15.3]"
1462,2332,England,Jude Bellingham,"[50.4, 3.7]"
1463,2333,England,Harry Maguire,"[39.2, 10.3]"
1464,2334,England,Luke Shaw,"[77.9, 5.0]"
1465,2335,England,Harry Kane,"[83.7, 3.9]"
1466,2344,England,John Stones,"[41.5, 45.9]"
1467,2349,England,Bukayo Saka,"[17.7, 70.7]"
1468,2350,England,Kyle Walker,"[11.6, 63.9]"
1469,2351,England,Harry Kane,"[51.0, 58.3]"
1470,2352,England,Jude Bellingham,"[64.7, 48.0]"
1471,2353,England,Harry Kane,"[56.0, 56.5]"
1472,2354,England,Luke Shaw,"[71.5, 13.7]"
1473,2355,England,Philip Foden,"[86.3, 18.6]"
1474,2357,England,Philip Foden,"[86.3, 15.3]"
1475,2358,England,Luke Shaw,"[89.5, 3.7]"
1476,2359,England,Jude Bellingham,"[92.6, 11.1]"
1477,2360,England,Philip Foden,"[94.1, 3.7]"
1478,2361,England,Luke Shaw,"[84.8, 4.8]"
1479,2362,England,Declan Rice,"[74.1, 11.7]"
1480,2363,England,Harry Maguire,"[64.6, 27.6]"
1481,2364,England,John Stones,"[60.3, 47.0]"
1482,2365,England,Kyle Walker,"[65.2, 55.7]"
1483,2372,England,Harry Maguire,"[35.6, 12.1]"
1484,2373,England,Luke Shaw,"[45.1, 1.8]"
1485,2374,England,Philip Foden,"[58.0, 3.1]"
1486,2375,England,Harry Kane,"[68.3, 13.7]"
1487,2376,England,Jude Bellingham,"[97.3, 18.9]"
1488,2379,England,Bukayo Saka,"[97.9, 71.3]"
1489,2380,England,Jordan Brian Henderson,"[65.5, 67.5]"
1490,2381,England,Harry Kane,"[77.9, 56.1]"
1491,2382,England,Bukayo Saka,"[93.3, 68.8]"
1492,2386,England,Jordan Pickford,"[12.9, 36.7]"
1493,2389,England,Jude Bellingham,"[79.1, 26.0]"
1494,2390,England,Luke Shaw,"[102.8, 22.4]"
1495,2391,England,Bukayo Saka,"[95.3, 48.0]"
1496,2393,England,Kyle Walker,"[50.4, 76.2]"
1497,2394,England,Jordan Pickford,"[14.5, 53.4]"
1498,2395,England,John Stones,"[18.9, 57.8]"
1499,2396,England,Declan Rice,"[35.1, 55.5]"
1500,2397,England,Kyle Walker,"[34.9, 76.2]"
1501,2398,England,Jordan Brian Henderson,"[50.4, 73.0]"
1502,2399,England,Declan Rice,"[57.7, 73.4]"
1503,2400,England,Kyle Walker,"[52.5, 22.1]"
1504,2401,England,Jude Bellingham,"[42.1, 46.2]"
1505,2402,England,Jordan Pickford,"[19.8, 37.5]"
1506,2403,England,Bukayo Saka,"[80.6, 64.1]"
1507,2404,England,Jude Bellingham,"[68.0, 63.5]"
1508,2405,England,Jordan Brian Henderson,"[80.6, 75.6]"
1509,2406,England,Harry Kane,"[93.6, 69.1]"
1510,2416,England,Bukayo Saka,"[28.4, 68.4]"
1511,2421,England,Jude Bellingham,"[26.7, 41.6]"
1512,2422,England,Philip Foden,"[82.9, 28.3]"
1513,2423,England,Harry Kane,"[93.2, 50.0]"
1514,2424,England,Harry Maguire,"[46.5, 38.2]"
1515,2425,England,Declan Rice,"[64.4, 46.6]"
1516,2426,England,Luke Shaw,"[67.6, 10.5]"
1517,2427,England,Philip Foden,"[80.9, 6.1]"
1518,2428,England,Harry Maguire,"[49.2, 17.7]"
1519,2429,England,John Stones,"[45.0, 51.5]"
1520,2430,England,Declan Rice,"[54.7, 45.5]"
1521,2431,England,John Stones,"[25.9, 64.8]"
1522,2432,England,Jordan Pickford,"[5.2, 38.3]"
1523,2435,England,Luke Shaw,"[34.9, 10.5]"
1524,2437,England,Harry Kane,"[60.9, 8.8]"
1525,2439,England,John Stones,"[55.4, 50.5]"
1526,2440,England,Kyle Walker,"[54.6, 63.2]"
1527,2441,England,Jordan Brian Henderson,"[63.5, 75.3]"
1528,2442,England,Bukayo Saka,"[80.1, 76.2]"
1529,2443,England,Kyle Walker,"[51.8, 76.4]"
1530,2444,England,Declan Rice,"[53.8, 71.5]"
1531,2445,England,John Stones,"[38.4, 44.7]"
1532,2446,England,Harry Maguire,"[32.7, 17.1]"
1533,2447,England,Declan Rice,"[44.8, 27.2]"
1534,2448,England,John Stones,"[34.9, 47.9]"
1535,2449,England,Jude Bellingham,"[58.7, 26.7]"
1536,2450,England,Harry Maguire,"[35.5, 18.8]"
1537,2451,England,Bukayo Saka,"[94.6, 55.3]"
1538,2452,England,Jordan Brian Henderson,"[106.7, 59.3]"
1539,2453,England,John Stones,"[68.7, 45.8]"
1540,2454,England,Luke Shaw,"[75.7, 24.6]"
1541,2455,England,Harry Maguire,"[47.6, 21.2]"
1542,2456,England,Jude Bellingham,"[113.7, 4.5]"
1543,2460,England,John Stones,"[57.5, 57.0]"
1544,2461,England,Harry Maguire,"[45.4, 41.5]"
1545,2462,England,Kyle Walker,"[45.4, 67.5]"
1546,2463,England,John Stones,"[40.2, 69.5]"
1547,2464,England,John Stones,"[39.2, 65.8]"
1548,2465,England,Declan Rice,"[48.6, 53.6]"
1549,2466,England,Declan Rice,"[57.7, 43.9]"
1550,2467,England,Luke Shaw,"[50.0, 13.0]"
1551,2468,England,Jude Bellingham,"[62.4, 22.9]"
1552,2470,England,Harry Kane,"[67.6, 45.3]"
1553,2471,England,Jude Bellingham,"[81.8, 29.3]"
1554,2477,England,Harry Maguire,"[10.1, 25.0]"
1555,2478,England,Luke Shaw,"[41.0, 4.5]"
1556,2479,England,Harry Maguire,"[15.9, 12.0]"
1557,2480,England,Jordan Pickford,"[6.2, 37.1]"
1558,2481,England,John Stones,"[21.1, 53.1]"
1559,2482,England,Kyle Walker,"[76.4, 77.4]"
1560,2483,England,Jordan Brian Henderson,"[82.4, 71.2]"
1561,2484,England,Declan Rice,"[75.1, 70.1]"
1562,2485,England,Harry Kane,"[90.7, 63.2]"
1563,2487,England,Luke Shaw,"[76.1, 39.2]"
1564,2488,England,John Stones,"[50.5, 54.1]"
1565,2489,England,Jordan Pickford,"[20.1, 42.4]"
1566,2490,England,John Stones,"[27.2, 62.0]"
1567,2491,England,Declan Rice,"[39.2, 62.3]"
1568,2492,England,Harry Maguire,"[34.9, 49.6]"
1569,2493,England,Luke Shaw,"[61.8, 8.8]"
1570,2494,England,Jude Bellingham,"[96.9, 4.1]"
1571,2495,England,Jude Bellingham,"[100.0, 11.0]"
1572,2496,England,Luke Shaw,"[99.7, 5.5]"
1573,2497,England,Philip Foden,"[107.2, 4.4]"
1574,2498,England,Harry Kane,"[98.0, 10.7]"
1575,2499,England,Luke Shaw,"[104.0, 20.4]"
1576,2500,England,Jude Bellingham,"[100.3, 15.5]"
1577,2501,England,Harry Kane,"[94.9, 21.5]"
1578,2502,England,Declan Rice,"[82.3, 34.2]"
1579,2503,England,Kyle Walker,"[71.9, 63.5]"
1580,2504,England,Bukayo Saka,"[95.7, 74.2]"
1581,2505,England,Kyle Walker,"[88.1, 74.2]"
1582,2506,England,Jordan Brian Henderson,"[101.4, 76.2]"
1583,2507,England,Bukayo Saka,"[90.7, 68.6]"
1584,2508,England,Harry Maguire,"[75.1, 36.2]"
1585,2509,England,Luke Shaw,"[94.0, 6.7]"
1586,2510,England,Philip Foden,"[90.8, 14.9]"
1587,2511,England,Luke Shaw,"[88.1, 10.7]"
1588,2512,England,Harry Maguire,"[72.5, 17.8]"
1589,2513,England,John Stones,"[45.0, 40.9]"
1590,2514,England,Jordan Pickford,"[14.1, 40.9]"
1591,2515,England,Philip Foden,"[74.6, 19.2]"
1592,2521,England,Harry Kane,"[82.9, 34.2]"
1593,2522,England,Bukayo Saka,"[96.2, 48.9]"
1594,2525,England,John Stones,"[52.8, 44.7]"
1595,2526,England,Luke Shaw,"[64.2, 16.0]"
1596,2527,England,Harry Kane,"[75.1, 25.5]"
1597,2528,England,Bukayo Saka,"[100.0, 68.7]"
1598,2529,England,Jordan Brian Henderson,"[114.5, 73.2]"
1599,2530,England,Kyle Walker,"[72.9, 75.9]"
1600,2531,England,John Stones,"[52.5, 60.2]"
1601,2532,England,Harry Maguire,"[59.0, 24.6]"
1602,2533,England,Luke Shaw,"[86.2, 6.1]"
1603,2534,England,Harry Kane,"[86.7, 13.0]"
1604,2545,England,Philip Foden,"[57.5, 23.6]"
1605,2546,England,Luke Shaw,"[48.3, 18.9]"
1606,2547,England,Harry Kane,"[67.1, 14.5]"
1607,2548,England,Philip Foden,"[83.4, 12.8]"
1608,2549,England,Philip Foden,"[93.2, 12.2]"
1609,2550,England,Declan Rice,"[80.3, 74.1]"
1610,2551,England,Jordan Brian Henderson,"[83.0, 77.4]"
1611,2552,England,Kyle Walker,"[66.4, 72.1]"
1612,2553,England,Declan Rice,"[72.5, 68.0]"
1613,2554,England,John Stones,"[52.5, 56.8]"
1614,2555,England,Harry Maguire,"[36.7, 31.0]"
1615,2556,England,Philip Foden,"[53.8, 5.5]"
1616,2557,England,Harry Maguire,"[14.4, 8.4]"
1617,2558,England,Jordan Pickford,"[6.0, 38.9]"
1618,2559,England,John Stones,"[21.1, 56.3]"
1619,2560,England,Declan Rice,"[27.1, 44.4]"
1620,2561,England,Harry Kane,"[47.1, 43.7]"
1621,2562,England,Jordan Brian Henderson,"[88.7, 74.7]"
1622,2563,England,Kyle Walker,"[103.5, 72.1]"
1623,2571,England,Jude Bellingham,"[70.8, 6.7]"
1624,2573,England,Harry Kane,"[57.5, 27.6]"
1625,2574,England,Harry Kane,"[63.5, 30.5]"
1626,2575,England,Philip Foden,"[81.8, 24.0]"
1627,2579,England,Jordan Brian Henderson,"[65.9, 51.5]"
1628,2580,England,Kyle Walker,"[52.6, 62.6]"
1629,2581,England,John Stones,"[33.8, 58.5]"
1630,2582,England,Jordan Pickford,"[10.4, 38.2]"
1631,2585,England,Bukayo Saka,"[35.6, 47.6]"
1632,2586,England,Jordan Brian Henderson,"[43.1, 71.2]"
1633,2587,England,Jude Bellingham,"[67.6, 65.7]"
1634,2588,England,Kyle Walker,"[47.4, 70.1]"
1635,2589,England,Declan Rice,"[47.6, 65.7]"
1636,2590,England,John Stones,"[41.0, 48.9]"
1637,2591,England,Kyle Walker,"[47.1, 64.8]"
1638,2592,England,Jordan Brian Henderson,"[56.6, 74.8]"
1639,2593,England,Kyle Walker,"[36.6, 73.2]"
1640,2594,England,John Stones,"[26.5, 43.7]"
1641,2595,England,Harry Maguire,"[34.9, 17.7]"
1642,2596,England,Philip Foden,"[59.2, 17.7]"
1643,2597,England,Jude Bellingham,"[62.7, 28.8]"
1644,2598,England,Luke Shaw,"[68.5, 4.5]"
1645,2599,England,Jude Bellingham,"[60.9, 19.8]"
1646,2600,England,Harry Maguire,"[45.0, 13.0]"
1647,2601,England,John Stones,"[46.5, 51.6]"
1648,2602,England,Bukayo Saka,"[76.1, 75.3]"
1649,2603,England,Jordan Brian Henderson,"[78.7, 60.5]"
1650,2604,England,Kyle Walker,"[77.5, 52.1]"
1651,2608,England,Jordan Pickford,"[9.5, 35.9]"
1652,2609,England,Luke Shaw,"[43.3, 7.3]"
1653,2610,England,Jude Bellingham,"[51.8, 18.8]"
1654,2611,England,Harry Maguire,"[29.2, 12.8]"
1655,2612,England,John Stones,"[27.2, 58.2]"
1656,2613,England,Jordan Brian Henderson,"[48.3, 59.6]"
1657,2614,England,John Stones,"[34.9, 60.5]"
1658,2615,England,Jordan Brian Henderson,"[44.8, 68.4]"
1659,2616,England,John Stones,"[35.5, 52.1]"
1660,2617,England,Jordan Brian Henderson,"[37.0, 71.2]"
1661,2618,England,Jordan Pickford,"[18.8, 48.7]"
1662,2619,England,Kyle Walker,"[43.3, 73.2]"
1663,2620,England,John Stones,"[32.3, 63.7]"
1664,2621,England,Declan Rice,"[39.8, 62.6]"
1665,2622,England,Kyle Walker,"[39.8, 76.2]"
1666,2623,England,Marcus Rashford,"[52.5, 68.0]"
1667,2624,England,Declan Rice,"[46.5, 64.8]"
1668,2625,England,Marcus Rashford,"[61.3, 72.9]"
1669,2626,England,Jordan Brian Henderson,"[62.4, 64.6]"
1670,2627,England,Declan Rice,"[51.8, 44.7]"
1671,2628,England,Harry Maguire,"[45.3, 25.3]"
1672,2629,England,Kyle Walker,"[47.4, 62.0]"
1673,2630,England,John Stones,"[45.9, 48.9]"
1674,2631,England,Jordan Brian Henderson,"[61.3, 52.5]"
1675,2632,England,Kyle Walker,"[47.1, 62.5]"
1676,2633,England,John Stones,"[41.6, 50.4]"
1677,2634,England,Harry Maguire,"[35.6, 28.4]"
1678,2635,England,Jordan Pickford,"[12.7, 27.8]"
1679,2639,England,Jordan Pickford,"[14.6, 31.6]"
1680,2649,England,Jordan Brian Henderson,"[33.2, 65.7]"
1681,2650,England,John Stones,"[20.5, 68.4]"
1682,2651,England,Declan Rice,"[33.4, 58.8]"
1683,2652,England,Jordan Pickford,"[10.6, 47.9]"
1684,2653,England,Harry Maguire,"[19.0, 24.3]"
1685,2654,England,John Stones,"[15.9, 53.1]"
1686,2655,England,Kyle Walker,"[31.5, 74.8]"
1687,2656,England,John Stones,"[17.9, 57.0]"
1688,2657,England,Jordan Brian Henderson,"[58.6, 69.0]"
1689,2658,England,Marcus Rashford,"[71.2, 76.4]"
1690,2659,England,Jordan Brian Henderson,"[90.8, 74.7]"
1691,2675,England,Jack Grealish,"[20.6, 8.1]"
1692,2676,England,Declan Rice,"[20.1, 22.3]"
1693,2678,England,John Stones,"[12.9, 76.7]"
1694,2682,England,John Stones,"[56.3, 77.7]"
1695,2683,England,Harry Maguire,"[48.3, 51.2]"
1696,2684,England,Luke Shaw,"[45.9, 31.0]"
1697,2685,England,Jack Grealish,"[57.2, 6.4]"
1698,2686,England,Marcus Rashford,"[76.0, 75.3]"
1699,2687,England,Kyle Walker,"[63.0, 74.6]"
1700,2688,England,Declan Rice,"[55.8, 67.6]"
1701,2689,England,Kyle Walker,"[57.0, 76.5]"
1702,2690,England,Jordan Pickford,"[11.0, 44.7]"
1703,2691,England,Luke Shaw,"[48.8, 6.1]"
1704,2692,England,Harry Kane,"[69.3, 14.8]"
1705,2693,England,Jack Grealish,"[72.2, 5.4]"
1706,2695,England,Jordan Pickford,"[28.1, 66.6]"
1707,2698,England,Jordan Brian Henderson,"[29.8, 55.3]"
1708,2705,England,Declan Rice,"[49.7, 53.6]"
1709,2706,England,Jack Grealish,"[59.4, 37.5]"
1710,2707,England,Kyle Walker,"[49.7, 74.8]"
1711,2708,England,Jordan Brian Henderson,"[51.9, 67.8]"
1712,2709,England,Marcus Rashford,"[102.0, 69.7]"
1713,2712,England,Jordan Brian Henderson,"[74.8, 26.6]"
1714,2713,England,Declan Rice,"[71.2, 20.1]"
1715,2714,England,Jack Grealish,"[88.0, 4.9]"
1716,2715,England,Luke Shaw,"[75.8, 8.1]"
1717,2716,England,Declan Rice,"[69.0, 11.4]"
1718,2717,England,Harry Maguire,"[52.6, 21.6]"
1719,2718,England,Kyle Walker,"[62.8, 53.6]"
1720,2719,England,Jordan Brian Henderson,"[61.8, 49.3]"
1721,2720,England,Kyle Walker,"[62.3, 59.6]"
1722,2721,England,Eric Dier,"[46.6, 59.6]"
1723,2722,England,Declan Rice,"[53.8, 45.6]"
1724,2723,England,Jordan Brian Henderson,"[57.2, 54.6]"
1725,2724,England,Eric Dier,"[41.8, 51.2]"
1726,2725,England,Harry Maguire,"[43.7, 30.5]"
1727,2726,England,Eric Dier,"[39.9, 55.3]"
1728,2729,England,Marcus Rashford,"[69.0, 68.3]"
1729,2730,England,Kyle Walker,"[57.0, 74.3]"
1730,2731,England,Declan Rice,"[57.7, 63.5]"
1731,2732,England,Luke Shaw,"[68.8, 25.4]"
1732,2733,England,Jack Grealish,"[81.5, 4.0]"
1733,2734,England,Luke Shaw,"[79.9, 15.3]"
1734,2735,England,Jack Grealish,"[91.4, 5.4]"
1735,2736,England,Kyle Walker,"[52.2, 74.8]"
1736,2737,England,Eric Dier,"[31.0, 72.6]"
1737,2738,England,Jordan Pickford,"[11.0, 36.5]"
1738,2739,England,Jack Grealish,"[88.3, 7.8]"
1739,2747,England,Marcus Rashford,"[79.4, 72.6]"
1740,2762,England,Marcus Rashford,"[95.3, 73.4]"
1741,2764,England,Jordan Pickford,"[22.0, 54.8]"
1742,2775,England,Jack Grealish,"[82.3, 34.1]"
1743,2776,England,Harry Kane,"[97.4, 58.2]"
1744,2784,England,Jordan Pickford,"[4.5, 41.3]"
1745,2785,England,Declan Rice,"[33.1, 9.0]"
1746,2786,England,Jack Grealish,"[37.9, 44.2]"
1747,2787,England,Eric Dier,"[22.8, 52.4]"
1748,2788,England,Kyle Walker,"[30.5, 64.4]"
1749,2789,England,Harry Kane,"[48.1, 76.7]"
1750,2790,England,Kyle Walker,"[35.1, 73.4]"
1751,2791,England,Eric Dier,"[13.9, 65.4]"
1752,2792,England,Jordan Pickford,"[9.8, 37.7]"
1753,2793,England,Eric Dier,"[10.7, 58.7]"
1754,2794,England,Declan Rice,"[17.7, 52.2]"
1755,2795,England,Kyle Walker,"[33.8, 74.8]"
1756,2796,England,Declan Rice,"[53.4, 77.7]"
1757,2798,England,Eric Dier,"[40.8, 60.3]"
1758,2799,England,Kyle Walker,"[38.7, 77.9]"
1759,2800,England,Kalvin Phillips,"[37.2, 71.7]"
1760,2810,England,Kyle Walker,"[46.1, 77.0]"
1761,2811,England,Kyle Walker,"[44.2, 77.7]"
1762,2812,England,Eric Dier,"[18.9, 71.7]"
1763,2813,England,Jordan Pickford,"[11.0, 48.8]"
1764,2814,England,Marcus Rashford,"[68.1, 72.9]"
1765,2815,England,Kyle Walker,"[51.0, 73.4]"
1766,2816,England,Declan Rice,"[35.5, 69.3]"
1767,2817,England,Kyle Walker,"[35.5, 77.4]"
1768,2818,England,Eric Dier,"[11.7, 77.0]"
1769,2820,England,Kalvin Phillips,"[73.1, 56.7]"
1770,2821,England,Jack Grealish,"[92.4, 25.9]"
1771,2822,England,Luke Shaw,"[115.5, 22.5]"
1772,2830,England,Jack Grealish,"[29.0, 33.4]"
1773,2840,England,Harry Kane,"[74.0, 35.4]"
1774,2841,England,Harry Kane,"[76.1, 34.9]"
1775,2842,England,Jude Bellingham,"[71.1, 27.7]"
1776,2843,England,Harry Maguire,"[39.3, 18.6]"
1777,2844,England,Luke Shaw,"[39.0, 3.1]"
1778,2846,England,Philip Foden,"[20.0, 6.3]"
1779,2847,England,Kyle Walker,"[22.7, 73.0]"
1780,2848,England,Jordan Brian Henderson,"[38.8, 69.6]"
1781,2851,England,Luke Shaw,"[55.9, 4.8]"
1782,2852,England,Jordan Brian Henderson,"[74.2, 21.4]"
1783,2857,England,Harry Maguire,"[22.7, 23.4]"
1784,2871,England,Jude Bellingham,"[70.1, 48.9]"
1785,2874,England,Philip Foden,"[74.9, 27.9]"
1786,2877,England,Declan Rice,"[94.2, 21.9]"
1787,2878,England,Bukayo Saka,"[104.3, 59.7]"
1788,2892,England,John Stones,"[65.3, 73.2]"
1789,2893,England,Jude Bellingham,"[71.3, 67.7]"
1790,2899,England,Jude Bellingham,"[105.0, 3.6]"
1791,2906,England,Harry Maguire,"[25.5, 1.2]"
1792,2909,England,Kyle Walker,"[60.0, 54.7]"
1793,2910,England,Bukayo Saka,"[49.6, 64.8]"
1794,2912,England,Jude Bellingham,"[93.5, 3.6]"
1795,2913,England,Philip Foden,"[81.4, 7.7]"
1796,2914,England,Jude Bellingham,"[76.4, 12.8]"
1797,2916,England,Kyle Walker,"[13.5, 66.2]"
1798,2921,England,Jude Bellingham,"[55.9, 39.0]"
1799,2931,England,Philip Foden,"[21.8, 5.3]"
1800,2932,England,Jordan Brian Henderson,"[102.8, 56.1]"
1801,2933,England,Luke Shaw,"[57.7, 8.3]"
1802,2934,England,Kyle Walker,"[13.4, 64.4]"
1803,2937,England,Luke Shaw,"[70.1, 9.7]"
1804,2938,England,Kyle Walker,"[5.0, 74.5]"
1805,2943,England,Philip Foden,"[87.8, 16.0]"
1806,2946,England,Kyle Walker,"[73.8, 68.1]"
1807,2947,England,Kyle Walker,"[56.6, 77.1]"
1808,2948,England,Declan Rice,"[20.0, 22.1]"
1809,2950,England,Harry Maguire,"[10.6, 56.5]"
1810,2951,England,Declan Rice,"[51.6, 53.4]"
1811,2953,England,Jude Bellingham,"[109.1, 70.5]"
1812,2959,England,Bukayo Saka,"[37.1, 76.6]"
1813,2960,England,Bukayo Saka,"[25.5, 74.5]"
1814,2966,England,Jordan Brian Henderson,"[48.2, 17.2]"
1815,2967,England,Luke Shaw,"[35.9, 11.0]"
1816,2968,England,Luke Shaw,"[28.5, 7.1]"
1817,2970,England,Philip Foden,"[84.5, 35.3]"
1818,2976,England,Jude Bellingham,"[106.7, 11.0]"
1819,2977,England,Bukayo Saka,"[91.7, 75.1]"
1820,2990,England,Jordan Brian Henderson,"[93.4, 65.2]"
1821,2991,England,Philip Foden,"[82.9, 12.3]"
1822,2992,England,Jude Bellingham,"[74.6, 8.8]"
1823,2993,England,Declan Rice,"[62.7, 16.2]"
1824,2995,England,Kyle Walker,"[63.0, 74.8]"
1825,2996,England,Harry Maguire,"[48.6, 51.0]"
1826,3001,England,Philip Foden,"[107.3, 40.0]"
1827,3004,England,Jude Bellingham,"[95.1, 4.5]"
1828,3006,England,Jordan Brian Henderson,"[44.8, 21.8]"
1829,3007,England,Luke Shaw,"[51.5, 16.8]"
1830,3010,England,Jude Bellingham,"[29.5, 24.0]"
1831,3014,England,Jordan Brian Henderson,"[89.6, 39.4]"
1832,3015,England,Jordan Brian Henderson,"[98.9, 23.6]"
1833,3022,England,Harry Kane,"[91.3, 11.0]"
1834,3023,England,Jack Grealish,"[35.3, 36.0]"
1835,3024,England,Jude Bellingham,"[33.2, 38.9]"
1836,3025,England,Harry Kane,"[46.0, 47.6]"
1837,3027,England,Kyle Walker,"[52.6, 76.7]"
1838,3031,England,Declan Rice,"[37.0, 63.2]"
1839,3032,England,John Stones,"[33.8, 57.7]"
1840,3033,England,Jack Grealish,"[37.7, 33.4]"
1841,3039,England,Eric Dier,"[70.9, 75.8]"
1842,3040,England,Eric Dier,"[48.3, 69.5]"
1843,3042,England,Luke Shaw,"[79.1, 8.3]"
1844,3044,England,Mason Mount,"[71.4, 31.7]"
1845,3045,England,Jack Grealish,"[96.5, 8.3]"
1846,3046,England,Jack Grealish,"[111.7, 24.5]"
1847,3047,England,Jack Grealish,"[68.8, 13.1]"
1848,3048,England,Marcus Rashford,"[71.9, 78.0]"
1849,3049,England,Kalvin Phillips,"[69.0, 77.4]"
1850,3050,England,Declan Rice,"[64.7, 45.4]"
1851,3051,England,Kalvin Phillips,"[43.2, 20.6]"
1852,3052,England,Marcus Rashford,"[98.2, 51.2]"
1853,3053,England,Harry Maguire,"[66.4, 42.5]"
1854,3054,England,Jack Grealish,"[74.1, 11.0]"
1855,3055,England,Kalvin Phillips,"[78.4, 59.9]"
1856,3056,England,Mason Mount,"[93.3, 59.9]"
1857,3057,England,Declan Rice,"[74.1, 58.2]"
1858,3058,England,Mason Mount,"[88.3, 56.5]"
1859,3059,England,Jack Grealish,"[22.8, 18.2]"
1860,3060,England,Declan Rice,"[23.5, 25.9]"
1861,3063,England,Kalvin Phillips,"[75.0, 77.7]"
1862,3064,England,Mason Mount,"[69.7, 15.1]"
1863,3066,England,Harry Kane,"[77.5, 52.2]"
1864,3069,England,Mason Mount,"[61.1, 56.2]"
1865,3070,England,Luke Shaw,"[10.0, 11.0]"
1866,3071,England,Jack Grealish,"[17.5, 6.1]"
1867,3073,England,Marcus Rashford,"[44.7, 30.2]"
1868,3074,England,Harry Kane,"[78.3, 35.4]"
1869,3075,England,John Stones,"[13.7, 25.5]"
1870,3077,England,Kyle Walker,"[13.4, 77.7]"
1871,3078,England,Kyle Walker,"[63.2, 76.6]"
1872,3079,England,Philip Foden,"[82.4, 13.0]"
1873,3083,England,Kalvin Phillips,"[73.8, 77.7]"
1874,3086,England,Jude Bellingham,"[84.6, 2.4]"
1875,3089,England,Jude Bellingham,"[97.6, 25.3]"
1876,3090,England,Harry Kane,"[82.9, 60.9]"
1877,3093,England,Jude Bellingham,"[116.2, 18.9]"
1878,3095,England,Kyle Walker,"[97.8, 75.1]"
1879,3098,England,Harry Kane,"[78.6, 17.8]"
1880,3099,England,Philip Foden,"[93.2, 12.2]"
1881,3100,England,Harry Kane,"[63.5, 30.5]"
1882,3101,England,Declan Rice,"[53.1, 77.7]"
1883,3103,England,Kyle Walker,"[44.2, 77.7]"
1884,3107,England,Philip Foden,"[73.2, 30.6]"
1885,3108,England,Harry Kane,"[102.4, 31.8]"
1886,3112,England,Jordan Brian Henderson,"[63.0, 77.1]"
1887,3116,England,Kyle Walker,"[1.7, 61.7]"
1888,3119,England,Declan Rice,"[57.1, 48.4]"
1889,3120,England,Jude Bellingham,"[93.4, 38.0]"
1890,3121,England,Jude Bellingham,"[102.1, 3.0]"
1891,3126,England,Jack Grealish,"[64.2, 28.5]"
1892,3128,England,Jack Grealish,"[93.6, 7.8]"
1893,3129,England,Harry Maguire,"[43.9, 13.5]"
1894,3131,England,Harry Maguire,"[12.1, 26.7]"
1895,3132,England,Harry Kane,"[57.8, 67.7]"
1896,3134,England,Jude Bellingham,"[78.3, 23.6]"
1897,3135,England,Harry Maguire,"[111.8, 40.7]"
1898,3138,England,Bukayo Saka,"[111.1, 52.0]"
1899,3140,England,Jude Bellingham,"[74.2, 71.1]"
1900,3143,England,Jordan Brian Henderson,"[65.3, 73.8]"
1901,3145,England,Harry Kane,"[97.6, 23.6]"
1902,3146,England,Harry Maguire,"[21.5, 1.4]"
1903,3147,England,Bukayo Saka,"[43.6, 64.8]"
1904,3148,England,Jude Bellingham,"[88.9, 2.4]"
1905,3150,England,Harry Kane,"[65.3, 51.6]"
1906,3151,England,Jordan Brian Henderson,"[79.3, 75.7]"
1907,3152,England,Philip Foden,"[93.6, 13.5]"
1908,3153,England,Jude Bellingham,"[92.9, 14.9]"
1909,3154,England,Kyle Walker,"[38.8, 70.8]"
1910,3155,England,Philip Foden,"[86.3, 15.3]"
1911,3158,England,Harry Maguire,"[112.7, 32.9]"
1912,3159,England,Harry Kane,"[85.9, 69.8]"
1913,3161,England,Luke Shaw,"[48.3, 8.8]"
1914,3162,England,Luke Shaw,"[34.9, 10.5]"
1915,3163,England,Harry Kane,"[54.7, 14.6]"
1916,3166,England,Bukayo Saka,"[68.7, 47.9]"
1917,3170,England,Jude Bellingham,"[71.2, 6.2]"
1918,3171,England,Declan Rice,"[64.4, 17.8]"
1919,3172,England,Harry Maguire,"[45.0, 52.7]"
1920,3174,England,Jordan Brian Henderson,"[39.5, 27.3]"
1921,3176,England,Harry Kane,"[80.7, 16.2]"
1922,3177,England,Marcus Rashford,"[92.4, 76.2]"
1923,3178,England,Marcus Rashford,"[59.1, 74.8]"
1924,3179,England,Jack Grealish,"[37.2, 33.6]"
1925,3183,England,Eric Dier,"[56.0, 69.7]"
1926,3187,England,Kalvin Phillips,"[58.9, 48.5]"
1927,3188,England,Harry Kane,"[84.9, 72.9]"
1928,3189,England,Jack Grealish,"[11.0, 9.5]"
1929,3190,England,Declan Rice,"[46.7, 18.6]"
1930,3193,England,Philip Foden,"[66.7, 34.7]"
1931,3195,England,Jude Bellingham,"[56.9, 9.6]"
1932,3196,England,Kyle Walker,"[51.3, 72.3]"
1933,3197,England,Luke Shaw,"[71.8, 8.4]"
1934,3198,England,Declan Rice,"[8.0, 55.9]"
1935,3200,England,Kyle Walker,"[2.4, 59.5]"
1936,3202,England,Kyle Walker,"[44.3, 60.2]"
1937,3203,England,Declan Rice,"[38.1, 20.2]"
1938,3207,England,John Stones,"[52.8, 44.7]"
1939,3208,England,Jude Bellingham,"[45.4, 59.6]"
1940,3209,England,Declan Rice,"[73.7, 5.6]"
1941,3210,England,Jack Grealish,"[24.5, 11.2]"
1942,3211,England,Harry Maguire,"[64.7, 43.2]"
1943,3213,England,Kyle Walker,"[18.0, 67.6]"
1944,3214,England,Jordan Brian Henderson,"[84.6, 14.7]"
1945,3215,England,Jordan Pickford,"[8.4, 51.1]"
1946,3217,England,Jordan Pickford,"[2.7, 35.9]"
1947,3218,England,Jordan Pickford,"[17.8, 5.8]"
1948,3222,England,Jordan Pickford,"[13.0, 28.9]"
1949,3223,England,Bukayo Saka,"[106.5, 73.0]"
1950,3224,England,Harry Maguire,"[30.6, 28.4]"
1951,3225,England,Jude Bellingham,"[95.6, 27.9]"
1952,3226,England,Jude Bellingham,"[93.2, 14.7]"
1953,3228,England,Harry Maguire,"[62.4, 3.9]"
1954,3230,England,Bukayo Saka,"[78.3, 66.2]"
1955,3231,England,Harry Maguire,"[32.1, 11.6]"
1956,3233,England,Jude Bellingham,"[86.3, 4.6]"
1957,3234,England,Declan Rice,"[20.0, 14.7]"
1958,3236,England,Declan Rice,"[31.6, 56.6]"
1959,3240,England,Harry Maguire,"[39.8, 18.8]"
1960,3243,England,Bukayo Saka,"[1.2, 58.3]"
1961,3244,England,Luke Shaw,"[77.9, 5.0]"
1962,3251,England,Jude Bellingham,"[26.7, 41.6]"
1963,3254,England,John Stones,"[55.4, 50.5]"
1964,3255,England,John Stones,"[68.7, 45.8]"
1965,3256,England,John Stones,"[57.5, 57.0]"
1966,3257,England,Declan Rice,"[57.7, 43.9]"
1967,3258,England,Harry Kane,"[67.6, 45.3]"
1968,3260,England,Jude Bellingham,"[100.3, 15.5]"
1969,3261,England,Harry Kane,"[94.9, 21.5]"
1970,3264,England,Harry Kane,"[82.9, 34.2]"
1971,3265,England,Kyle Walker,"[72.9, 75.9]"
1972,3268,England,Philip Foden,"[83.4, 12.8]"
1973,3269,England,Jude Bellingham,"[70.8, 6.7]"
1974,3271,England,Bukayo Saka,"[35.6, 47.6]"
1975,3272,England,Jordan Pickford,"[14.6, 31.6]"
1976,3275,England,Jack Grealish,"[20.6, 8.1]"
1977,3279,England,Marcus Rashford,"[69.0, 68.3]"
1978,3280,England,Jordan Pickford,"[22.0, 54.8]"
1979,3282,England,Jack Grealish,"[82.3, 34.1]"
1980,3284,England,Jack Grealish,"[21.8, 6.9]"
1981,3290,England,Jude Bellingham,"[76.1, 7.2]"
1982,3291,England,Jude Bellingham,"[108.2, 3.4]"
1983,3296,England,Kyle Walker,"[40.7, 74.0]"
1984,3297,England,John Stones,"[10.7, 37.6]"
1985,3300,England,Luke Shaw,"[17.7, 15.3]"
1986,3301,England,Harry Kane,"[88.4, 15.5]"
1987,3302,England,Bukayo Saka,"[12.9, 64.6]"
1988,3304,England,Jordan Brian Henderson,"[55.7, 58.6]"
1989,3308,England,Kyle Walker,"[8.0, 60.7]"
1990,3312,England,Jude Bellingham,"[68.5, 62.6]"
1991,3316,England,Jordan Brian Henderson,"[29.4, 43.7]"
1992,3317,England,Luke Shaw,"[20.1, 9.0]"
1993,3319,England,Harry Maguire,"[16.5, 31.8]"
1994,3320,England,Harry Kane,"[17.6, 29.0]"
1995,3321,England,Declan Rice,"[9.0, 45.4]"
1996,3322,England,Jack Grealish,"[8.8, 63.5]"
1997,3325,England,Luke Shaw,"[85.8, 3.9]"
1998,3329,England,Declan Rice,"[95.2, 21.9]"
1999,3333,England,John Stones,"[57.1, 67.1]"
2000,3335,England,Luke Shaw,"[68.7, 12.6]"
2001,3336,England,Kyle Walker,"[39.8, 67.5]"
2002,3337,England,Bukayo Saka,"[85.4, 70.8]"
2003,3338,England,Jude Bellingham,"[106.5, 6.7]"
2004,3339,England,Jude Bellingham,"[94.6, 4.5]"
2005,3340,England,Philip Foden,"[62.7, 9.9]"
2006,3342,England,Harry Maguire,"[109.3, 22.3]"
2007,3345,England,Harry Kane,"[90.8, 5.0]"
2008,3347,England,Luke Shaw,"[32.9, 34.6]"
2009,3350,England,Eric Dier,"[72.9, 76.7]"
2010,3352,England,Kyle Walker,"[70.2, 76.7]"
2011,3353,England,Mason Mount,"[80.3, 49.3]"
2012,3354,England,Mason Mount,"[72.2, 8.1]"
2013,3355,England,Declan Rice,"[26.9, 30.2]"
2014,3356,England,Jude Bellingham,"[47.0, 10.6]"
2015,3357,England,Jude Bellingham,"[82.4, 24.8]"
2016,3359,England,Luke Shaw,"[49.9, 3.4]"
2017,3360,England,Harry Kane,"[84.6, 63.8]"
2018,3361,England,Luke Shaw,"[62.2, 4.6]"
2019,3363,England,Harry Kane,"[36.6, 58.0]"
2020,3370,England,Jordan Brian Henderson,"[81.8, 66.3]"
2021,3372,England,Declan Rice,"[44.8, 64.8]"
2022,3373,England,Harry Maguire,"[57.0, 22.9]"
2023,3375,England,Declan Rice,"[24.5, 25.2]"
2024,3377,England,Harry Kane,"[56.7, 15.3]"
2025,3378,England,Mason Mount,"[81.1, 13.9]"
2026,3380,England,Jack Grealish,"[87.3, 5.4]"
2027,3391,England,Kyle Walker,"[3.9, 63.6]"
2028,3396,England,John Stones,"[5.0, 50.2]"
2029,3397,England,Kyle Walker,"[12.9, 43.0]"
2030,3405,England,Luke Shaw,"[6.3, 33.7]"
2031,3406,England,Jude Bellingham,"[79.8, 8.2]"
2032,3409,England,Harry Maguire,"[21.1, 16.2]"
2033,3411,England,Kyle Walker,"[63.0, 77.4]"
2034,3412,England,Harry Maguire,"[3.5, 34.6]"
2035,3414,England,Luke Shaw,"[3.5, 7.1]"
2036,3415,England,Eric Dier,"[4.9, 34.6]"
2037,3416,England,Harry Maguire,"[4.5, 42.0]"
2038,3418,England,Jude Bellingham,"[82.3, 5.5]"
2039,3420,England,Jordan Brian Henderson,"[39.5, 24.6]"
2040,3424,England,Jordan Pickford,"[6.5, 63.6]"
2041,3425,England,Jordan Pickford,"[2.2, 39.0]"
2042,3426,England,Jordan Pickford,"[3.0, 39.4]"
2043,3427,England,Jordan Pickford,"[1.6, 43.6]"
2044,3431,England,Jordan Pickford,"[2.7, 41.2]"
2045,3435,England,Jordan Pickford,"[2.2, 40.4]"
2046,3436,England,Jordan Pickford,"[1.3, 40.3]"
2047,3437,England,Jordan Pickford,"[2.1, 39.9]"
2048,3438,England,Jordan Pickford,"[2.6, 37.9]"
2049,3439,England,Jordan Pickford,"[4.5, 41.3]"
2050,3440,England,Jordan Pickford,"[1.4, 39.5]"
2051,3442,England,Jordan Pickford,"[1.1, 39.9]"
2052,3445,England,,"[47.2, 54.9]"
2053,3446,England,Harry Kane,"[94.4, 54.2]"
2054,3447,England,Jude Bellingham,"[96.1, 2.7]"
2055,3448,England,Jordan Brian Henderson,"[70.1, 59.0]"
2056,3449,England,Harry Kane,"[93.0, 21.9]"
2057,3450,England,Kyle Walker,"[52.3, 56.1]"
2058,3451,England,Philip Foden,"[92.5, 18.8]"
2059,3453,England,Harry Kane,"[81.7, 13.7]"
2060,3455,England,Philip Foden,"[88.4, 18.1]"
2061,3458,England,Harry Kane,"[96.4, 71.3]"
2062,3460,England,Harry Kane,"[58.1, 9.4]"
2063,3462,England,Jordan Brian Henderson,"[97.2, 69.0]"
2064,3464,England,Harry Kane,"[97.4, 58.2]"
2065,3465,England,John Stones,"[113.5, 45.4]"
2066,3469,England,Jordan Brian Henderson,"[107.6, 38.0]"
2067,3470,England,Harry Kane,"[110.0, 39.3]"
2068,3471,England,Harry Kane,"[104.3, 50.7]"
2069,3473,England,Bukayo Saka,"[107.7, 53.4]"
2070,3474,England,Harry Kane,"[90.5, 27.1]"
2071,3475,England,Bukayo Saka,"[111.0, 35.9]"
2072,3481,England,Marcus Rashford,"[117.8, 45.9]"
2073,3484,England,,
2074,3485,England,,
2075,3490,England,Bukayo Saka,
2076,3491,England,Philip Foden,
2077,3493,England,Jude Bellingham,
2078,3494,England,John Stones,
2079,3495,England,Jordan Brian Henderson,
2080,3499,England,,
